"postcode","SEIFA_disadvantage","SEIFA_advantage_disadvantage","SEIFA_economic","SEIFA_education_occupation"
800,5,5,1,5
810,4,4,3,4
812,2,3,2,3
820,5,5,2,5
822,1,1,1,1
828,3,4,2,3
829,1,1,1,1
830,2,3,2,2
832,4,4,4,4
834,5,4,5,3
835,5,4,5,3
836,4,4,5,3
837,3,3,5,2
838,3,3,3,3
839,2,2,1,1
840,1,1,1,1
841,2,2,3,1
845,1,1,1,2
846,1,1,1,1
847,1,1,1,1
850,2,3,1,3
852,1,1,1,1
853,5,5,4,4
854,1,1,1,1
860,1,1,1,3
862,1,1,1,1
870,3,4,2,4
872,1,1,1,1
873,1,2,1,3
874,5,5,3,5
875,2,3,1,3
880,1,2,1,3
885,5,5,3,4
886,3,3,1,4
2000,2,5,1,5
2007,2,5,1,5
2008,4,5,1,5
2009,4,5,1,5
2010,4,5,1,5
2011,4,5,1,5
2015,5,5,2,5
2016,2,5,1,5
2017,3,5,1,5
2018,3,5,1,5
2019,4,5,4,5
2020,4,5,1,5
2021,5,5,3,5
2022,5,5,2,5
2023,5,5,5,5
2024,5,5,5,5
2025,5,5,4,5
2026,5,5,2,5
2027,5,5,3,5
2028,5,5,3,5
2029,5,5,4,5
2030,5,5,5,5
2031,5,5,3,5
2032,3,5,1,5
2033,5,5,2,5
2034,5,5,3,5
2035,4,5,3,5
2036,4,5,3,4
2037,3,5,1,5
2038,5,5,4,5
2039,5,5,5,5
2040,5,5,4,5
2041,5,5,4,5
2042,5,5,1,5
2043,5,5,2,5
2044,4,5,3,5
2045,5,5,5,5
2046,5,5,4,5
2047,5,5,4,5
2048,5,5,3,5
2049,5,5,2,5
2050,5,5,1,5
2060,5,5,2,5
2061,5,5,1,5
2062,5,5,4,5
2063,5,5,5,5
2064,5,5,2,5
2065,5,5,3,5
2066,5,5,5,5
2067,4,5,2,5
2068,5,5,5,5
2069,5,5,5,5
2070,5,5,5,5
2071,5,5,5,5
2072,5,5,4,5
2073,5,5,5,5
2074,5,5,5,5
2075,5,5,5,5
2076,5,5,5,5
2077,4,5,3,5
2079,5,5,5,5
2080,5,5,5,5
2081,5,5,5,5
2082,5,5,5,5
2083,5,5,4,5
2084,5,5,5,5
2085,5,5,5,5
2086,5,5,5,5
2087,5,5,5,5
2088,5,5,5,5
2089,5,5,2,5
2090,5,5,3,5
2092,5,5,5,5
2093,5,5,5,5
2094,5,5,5,5
2095,5,5,3,5
2096,5,5,5,5
2097,5,5,5,5
2099,4,5,4,5
2100,5,5,5,5
2101,5,5,5,5
2102,5,5,5,5
2103,5,5,5,5
2104,5,5,5,5
2105,5,5,5,5
2106,5,5,5,5
2107,5,5,5,5
2108,5,5,5,5
2110,5,5,5,5
2111,5,5,4,5
2112,4,5,3,5
2113,5,5,3,5
2114,4,5,3,5
2115,3,4,3,5
2116,3,4,2,4
2117,3,5,3,5
2118,4,5,4,5
2119,5,5,5,5
2120,5,5,5,5
2121,5,5,4,5
2122,4,5,3,5
2125,5,5,5,5
2126,5,5,5,5
2127,5,5,2,5
2128,2,4,2,4
2130,5,5,2,5
2131,3,5,1,5
2132,4,5,4,5
2133,4,5,3,5
2134,1,4,1,5
2135,3,5,2,5
2136,3,5,3,5
2137,5,5,4,5
2138,5,5,3,5
2140,3,4,1,5
2141,1,4,1,4
2142,1,2,1,4
2143,1,2,1,3
2144,1,1,1,3
2145,3,4,2,4
2146,3,4,3,4
2147,3,4,3,4
2148,2,3,2,3
2150,3,5,1,5
2151,4,5,3,5
2152,4,5,3,5
2153,5,5,5,5
2154,5,5,5,5
2155,5,5,5,5
2156,5,5,5,5
2157,5,5,5,4
2158,5,5,5,5
2159,5,5,5,5
2160,1,2,1,3
2161,1,1,1,3
2162,1,1,1,3
2163,1,1,1,1
2164,1,1,1,2
2165,1,1,1,1
2166,1,1,1,1
2167,3,4,3,4
2168,1,1,1,1
2170,1,2,2,3
2171,3,4,5,4
2172,5,5,5,5
2173,5,5,5,4
2174,4,5,5,5
2175,4,4,5,3
2176,1,2,3,3
2177,1,1,2,2
2178,3,4,5,3
2179,4,5,5,4
2190,1,2,2,4
2191,2,4,3,4
2192,1,3,1,3
2193,4,5,3,5
2194,1,2,1,4
2195,1,1,1,3
2196,1,2,1,3
2197,1,2,2,3
2198,2,4,4,4
2199,1,2,1,3
2200,1,2,1,3
2203,4,5,2,5
2204,4,5,2,5
2205,3,5,1,5
2206,4,5,4,5
2207,3,4,3,4
2208,3,4,3,4
2209,2,4,2,4
2210,2,4,3,4
2211,3,4,3,4
2212,2,4,3,4
2213,4,4,4,4
2214,5,5,5,4
2216,2,4,1,4
2217,3,4,2,4
2218,3,4,2,4
2219,4,5,3,4
2220,2,4,1,4
2221,4,5,5,5
2222,3,4,2,4
2223,5,5,4,5
2224,5,5,5,4
2225,5,5,5,5
2226,5,5,5,5
2227,5,5,5,5
2228,4,5,4,4
2229,5,5,5,5
2230,5,5,5,5
2231,4,4,5,3
2232,5,5,4,5
2233,5,5,5,4
2234,5,5,5,5
2250,3,4,3,4
2251,4,4,5,4
2256,2,2,1,3
2257,3,3,2,3
2258,4,4,5,4
2259,2,2,3,2
2260,5,5,5,5
2261,3,3,3,2
2262,1,1,2,1
2263,1,1,1,1
2264,2,2,3,2
2265,3,4,4,3
2267,3,3,3,3
2278,3,2,4,1
2280,3,3,3,3
2281,3,3,3,2
2282,5,4,4,4
2283,2,2,3,2
2284,3,3,3,3
2285,3,3,4,3
2286,3,2,3,1
2287,3,3,3,3
2289,5,5,4,4
2290,4,4,3,3
2291,5,5,4,5
2292,3,4,1,4
2293,5,5,2,5
2294,3,4,1,5
2295,3,3,3,3
2296,3,4,1,5
2297,4,4,3,5
2298,3,3,1,4
2299,2,3,1,4
2300,4,5,1,5
2302,4,5,1,5
2303,3,4,1,4
2304,2,3,1,4
2305,4,4,4,5
2306,1,1,1,1
2307,2,2,1,2
2311,3,2,4,2
2312,2,1,3,1
2315,3,3,3,3
2316,3,3,4,2
2317,3,3,3,2
2318,4,3,5,2
2319,1,1,2,1
2320,3,3,4,2
2321,4,3,5,2
2322,2,2,3,2
2323,2,2,3,2
2324,1,1,2,1
2325,1,1,2,1
2326,1,1,2,1
2327,1,1,1,1
2328,2,2,3,1
2329,1,1,2,1
2330,3,2,4,1
2331,5,4,4,4
2333,1,1,2,1
2334,2,2,4,1
2335,4,3,5,2
2336,2,2,3,1
2337,3,3,3,2
2338,2,2,2,2
2339,3,3,3,3
2340,2,2,2,2
2341,1,1,1,1
2342,4,3,5,3
2343,1,1,2,2
2344,5,4,5,3
2345,4,3,4,2
2346,1,1,1,1
2347,1,1,1,2
2350,3,3,2,4
2352,2,2,3,1
2353,2,2,3,1
2354,3,3,3,3
2355,2,2,2,1
2356,1,1,1,1
2357,1,1,1,2
2358,2,2,2,3
2359,1,1,2,2
2360,1,1,1,1
2361,1,1,1,1
2365,2,2,2,2
2369,1,1,1,1
2370,1,1,1,1
2371,1,1,1,1
2372,1,1,1,2
2379,3,4,4,4
2380,2,2,3,1
2381,2,2,3,2
2382,1,1,2,1
2386,4,4,4,4
2387,3,4,3,4
2388,1,2,1,2
2390,2,2,2,2
2395,1,1,1,1
2396,1,1,1,1
2397,2,3,2,3
2398,4,4,5,3
2399,2,2,4,2
2400,2,2,1,2
2401,2,3,5,3
2402,1,1,1,1
2403,1,2,2,2
2404,1,1,1,2
2405,2,3,2,4
2406,1,2,1,2
2408,5,5,4,4
2409,1,1,1,1
2410,2,2,2,3
2411,5,5,4,5
2415,3,2,3,2
2420,2,2,3,2
2421,5,4,5,3
2422,1,1,2,2
2423,1,1,2,1
2424,1,1,2,1
2425,2,2,3,2
2426,1,1,2,1
2427,2,1,2,1
2428,2,1,2,1
2429,1,1,2,1
2430,1,1,2,1
2431,2,1,2,1
2439,3,2,4,2
2440,1,1,1,1
2441,1,1,3,2
2443,1,1,1,1
2444,3,3,2,3
2445,3,3,4,3
2446,2,2,3,2
2447,1,1,2,2
2448,1,1,1,1
2449,1,1,1,1
2450,2,2,2,3
2452,2,2,2,2
2453,2,2,2,3
2454,3,3,3,4
2455,2,1,1,2
2456,2,3,3,3
2460,1,1,2,1
2462,1,1,2,1
2463,2,2,3,2
2464,3,3,2,3
2465,1,1,1,1
2466,1,1,1,1
2469,1,1,1,1
2470,1,1,2,1
2471,2,2,3,1
2472,1,1,2,1
2473,2,2,1,2
2474,1,1,1,2
2475,1,1,1,1
2476,2,2,2,2
2477,3,3,4,3
2478,3,3,3,3
2479,5,5,5,5
2480,2,2,2,3
2481,4,4,3,5
2482,3,3,3,4
2483,3,3,3,4
2484,2,2,3,3
2485,2,2,1,2
2486,2,2,3,2
2487,4,4,4,4
2488,3,3,3,4
2489,4,4,4,3
2490,4,4,5,3
2500,3,4,1,5
2502,1,1,1,1
2505,1,2,1,2
2506,1,1,1,1
2508,5,5,5,4
2515,5,5,5,5
2516,5,5,5,5
2517,4,4,4,4
2518,2,3,2,3
2519,3,4,3,4
2525,4,4,5,4
2526,3,4,4,3
2527,3,3,4,2
2528,1,1,1,1
2529,4,4,4,3
2530,3,3,4,2
2533,5,5,5,5
2534,5,5,5,5
2535,4,4,4,4
2536,2,2,2,2
2537,3,3,3,3
2538,4,4,4,4
2539,3,2,3,2
2540,3,2,3,2
2541,1,1,1,1
2545,3,2,3,3
2546,3,2,2,3
2548,3,3,3,3
2549,3,3,4,2
2550,2,2,3,2
2551,1,1,1,1
2555,2,3,4,4
2556,3,4,5,2
2557,4,5,5,4
2558,2,2,4,2
2559,1,1,1,1
2560,1,2,2,2
2563,2,3,3,2
2564,1,1,1,2
2565,3,4,4,4
2566,2,2,3,2
2567,4,4,5,3
2568,5,5,5,4
2569,5,4,5,3
2570,4,4,5,4
2571,5,4,5,3
2572,3,3,4,3
2573,2,2,3,2
2574,3,3,5,2
2575,4,4,4,3
2576,5,5,5,5
2577,4,4,5,4
2578,4,4,4,4
2579,4,3,5,3
2580,2,2,2,2
2581,5,4,5,4
2582,4,4,5,4
2583,3,3,3,3
2584,4,4,4,4
2585,3,3,3,4
2586,2,3,3,3
2587,2,2,2,2
2588,3,3,4,4
2590,1,1,1,2
2594,2,1,2,2
2600,5,5,5,5
2601,5,5,1,5
2602,5,5,3,5
2603,5,5,5,5
2604,5,5,3,5
2605,5,5,5,5
2606,5,5,2,5
2607,5,5,5,5
2609,1,1,1,1
2611,5,5,5,5
2612,5,5,2,5
2614,5,5,4,5
2615,4,4,4,5
2617,5,5,3,5
2618,5,5,5,5
2619,5,5,5,5
2620,4,4,4,4
2621,5,5,5,5
2622,4,4,4,4
2623,2,2,3,2
2624,NA,NA,NA,4
2625,3,4,1,4
2626,4,4,5,3
2627,5,4,4,4
2628,4,3,4,3
2629,3,3,3,3
2630,3,3,3,3
2631,2,2,3,2
2632,2,2,2,2
2633,1,1,2,1
2640,3,3,2,3
2641,1,1,1,1
2642,4,3,4,3
2643,2,1,3,1
2644,3,2,3,3
2645,1,1,1,1
2646,2,2,2,1
2647,3,2,3,2
2648,1,1,2,2
2649,4,3,5,3
2650,3,3,2,3
2651,3,2,3,2
2652,4,3,4,3
2653,2,2,3,1
2655,3,2,3,2
2656,2,2,2,3
2658,2,2,2,2
2659,2,2,2,2
2660,2,2,2,2
2661,5,5,5,5
2663,1,1,1,1
2665,2,2,2,3
2666,2,2,2,2
2668,1,1,2,3
2669,3,3,3,4
2671,3,2,3,2
2672,1,2,1,2
2675,2,2,2,2
2680,2,2,2,2
2681,3,3,3,2
2700,1,1,1,1
2701,3,3,4,3
2702,2,2,3,2
2703,2,1,3,1
2705,2,2,2,1
2706,1,1,1,1
2707,4,3,4,3
2710,2,2,2,2
2711,2,2,2,2
2712,1,1,2,1
2713,2,1,2,2
2714,2,2,2,2
2715,1,2,2,2
2716,2,2,2,2
2717,1,1,1,1
2720,2,1,2,1
2721,3,3,4,4
2722,2,2,2,2
2725,1,1,2,2
2726,4,4,4,4
2727,4,4,5,4
2729,2,2,3,2
2730,1,1,1,1
2731,4,3,4,2
2732,2,2,2,2
2733,2,2,2,2
2734,5,4,5,4
2735,3,2,4,2
2736,1,2,1,2
2737,2,2,3,1
2738,4,4,5,3
2739,2,2,3,3
2745,5,5,5,4
2747,3,3,3,3
2748,4,4,5,3
2749,3,3,4,2
2750,3,3,2,3
2752,4,4,5,2
2753,3,3,4,3
2754,4,4,4,3
2756,4,4,5,3
2757,4,4,5,3
2758,5,5,5,4
2759,3,3,4,2
2760,1,2,1,2
2761,3,4,4,3
2762,5,5,5,5
2763,4,5,5,4
2765,5,5,5,4
2766,2,3,3,2
2767,2,3,3,3
2768,5,5,5,5
2769,5,5,5,5
2770,1,1,1,1
2773,5,5,5,5
2774,5,5,5,5
2775,2,3,3,3
2776,5,5,5,5
2777,5,5,5,5
2778,5,4,5,5
2779,4,4,4,4
2780,3,3,2,4
2782,4,4,4,5
2783,3,4,3,4
2784,5,4,4,5
2785,3,4,3,5
2786,3,4,2,4
2787,2,2,3,2
2790,1,1,2,1
2791,3,4,4,4
2792,3,3,4,3
2793,1,1,2,2
2794,1,1,1,1
2795,3,3,3,3
2797,2,1,3,1
2798,5,5,5,4
2799,2,2,2,1
2800,3,3,3,3
2803,3,3,4,3
2804,2,2,3,3
2805,2,2,3,2
2806,2,2,3,1
2807,1,1,1,1
2808,2,2,2,4
2809,3,4,3,4
2810,2,2,2,2
2817,4,4,4,4
2818,3,3,4,2
2820,1,1,1,1
2821,2,2,2,2
2822,3,2,4,2
2823,2,2,2,3
2824,1,2,1,2
2825,2,2,2,2
2826,4,4,5,4
2827,1,1,1,1
2828,1,2,1,3
2829,1,1,1,2
2830,3,3,3,3
2831,3,3,4,3
2832,1,2,1,3
2833,1,1,1,1
2834,1,1,1,1
2835,2,2,2,1
2836,1,1,1,3
2838,1,1,1,1
2839,1,1,1,2
2840,2,2,1,3
2842,1,1,1,1
2843,2,2,2,2
2844,2,2,2,2
2845,1,1,2,1
2846,2,2,2,2
2847,1,1,2,1
2848,1,1,1,1
2849,2,2,3,3
2850,3,3,3,2
2852,2,2,3,1
2864,3,3,4,3
2865,2,2,3,1
2866,3,3,4,3
2867,2,2,4,3
2868,2,2,2,2
2869,1,1,1,2
2870,2,2,2,1
2871,2,2,2,2
2873,2,3,3,4
2874,1,2,2,3
2875,2,3,3,3
2876,2,3,4,3
2877,1,2,1,2
2878,1,1,1,2
2879,1,1,1,1
2880,1,1,1,1
2898,4,4,2,2
2899,3,2,2,3
2900,4,5,2,5
2902,4,4,4,5
2903,4,5,4,5
2904,5,5,5,5
2905,4,4,4,4
2906,4,4,5,4
2911,5,5,5,5
2912,4,5,2,5
2913,5,5,4,5
2914,5,5,5,5
3000,2,5,1,5
3002,5,5,2,5
3003,4,5,1,5
3004,5,5,1,5
3006,4,5,1,5
3008,4,5,1,5
3011,3,4,1,5
3012,3,4,2,5
3013,5,5,4,5
3015,5,5,4,5
3016,5,5,4,5
3018,4,4,3,4
3019,1,1,1,3
3020,1,1,1,2
3021,1,1,1,1
3022,1,1,1,3
3023,2,3,4,3
3024,3,3,4,3
3025,2,3,2,4
3026,2,3,4,3
3027,5,5,5,5
3028,2,3,2,3
3029,3,3,4,4
3030,3,4,4,4
3031,2,4,1,5
3032,4,5,3,5
3033,4,4,4,4
3034,3,4,3,4
3036,5,5,5,4
3037,3,3,4,3
3038,3,4,4,3
3039,5,5,3,5
3040,5,5,4,5
3041,5,5,4,5
3042,4,4,3,4
3043,2,3,3,3
3044,4,5,3,5
3045,5,5,3,4
3046,2,3,2,4
3047,1,1,1,1
3048,1,1,1,1
3049,3,3,3,3
3051,2,5,1,5
3052,4,5,1,5
3053,2,5,1,5
3054,5,5,2,5
3055,4,5,1,5
3056,5,5,1,5
3057,5,5,1,5
3058,4,5,3,5
3059,4,4,5,4
3060,1,2,1,3
3061,1,1,1,1
3063,5,4,5,3
3064,2,2,4,3
3065,2,5,1,5
3066,2,4,1,5
3067,5,5,1,5
3068,5,5,2,5
3070,5,5,3,5
3071,4,5,2,5
3072,3,4,2,5
3073,2,3,1,4
3074,1,1,1,2
3075,1,1,2,2
3076,2,2,3,3
3078,5,5,3,5
3079,5,5,4,5
3081,2,3,1,4
3082,3,3,3,3
3083,3,4,3,4
3084,5,5,4,5
3085,5,5,4,5
3087,4,4,4,4
3088,5,5,5,5
3089,5,5,5,4
3090,5,5,5,4
3091,5,5,5,4
3093,5,5,5,5
3094,5,5,5,5
3095,5,5,5,5
3096,5,5,5,4
3097,5,5,5,5
3099,5,5,5,5
3101,5,5,5,5
3102,5,5,5,5
3103,5,5,4,5
3104,5,5,5,5
3105,4,5,4,5
3106,5,5,5,5
3107,4,5,5,5
3108,4,5,3,5
3109,4,5,4,5
3111,5,5,5,5
3113,5,5,5,5
3114,5,5,5,5
3115,5,5,5,4
3116,5,4,5,4
3121,4,5,1,5
3122,5,5,3,5
3123,5,5,3,5
3124,5,5,5,5
3125,4,5,2,5
3126,5,5,5,5
3127,5,5,5,5
3128,3,4,1,5
3129,4,5,3,5
3130,5,5,4,5
3131,4,4,3,5
3132,5,5,4,5
3133,5,5,5,5
3134,4,5,4,5
3135,4,4,4,5
3136,4,4,4,4
3137,4,3,4,3
3138,4,4,4,3
3139,4,3,5,3
3140,4,4,4,3
3141,5,5,1,5
3142,5,5,4,5
3143,5,5,3,5
3144,5,5,5,5
3145,5,5,4,5
3146,5,5,5,5
3147,4,5,4,5
3148,4,5,3,5
3149,5,5,4,5
3150,4,5,4,5
3151,4,4,3,5
3152,4,5,5,4
3153,3,3,3,4
3154,4,4,5,4
3155,3,3,3,4
3156,4,4,4,4
3158,5,5,5,4
3159,5,5,5,5
3160,5,5,5,5
3161,5,5,4,5
3162,5,5,5,5
3163,5,5,2,5
3165,5,5,5,5
3166,4,5,3,5
3167,4,4,4,4
3168,2,4,1,5
3169,2,3,2,4
3170,4,4,4,4
3171,1,1,1,2
3172,1,2,3,3
3173,2,4,4,3
3174,1,1,1,2
3175,1,1,1,2
3177,1,1,1,1
3178,5,5,5,4
3179,4,4,4,4
3180,4,4,4,4
3181,5,5,1,5
3182,4,5,1,5
3183,5,5,2,5
3184,5,5,2,5
3185,5,5,3,5
3186,5,5,5,5
3187,5,5,5,5
3188,5,5,5,5
3189,4,5,4,5
3190,5,5,4,5
3191,5,5,5,5
3192,4,5,4,5
3193,5,5,5,5
3194,5,5,3,5
3195,5,5,5,5
3196,4,4,3,4
3197,4,4,4,4
3198,3,3,2,3
3199,3,3,3,4
3200,1,1,1,1
3201,2,2,3,2
3202,4,5,4,5
3204,5,5,4,5
3205,4,5,1,5
3206,5,5,4,5
3207,4,5,3,5
3211,3,3,4,3
3212,4,3,4,3
3213,4,4,5,3
3214,1,1,1,1
3215,2,3,2,3
3216,4,4,3,4
3217,5,4,5,4
3218,4,4,2,4
3219,1,1,1,2
3220,5,5,3,5
3221,5,5,5,5
3222,4,3,4,3
3223,3,3,3,3
3224,4,3,4,3
3225,5,5,4,5
3226,5,5,5,5
3227,5,5,5,5
3228,5,5,5,5
3230,5,5,4,5
3231,5,5,5,5
3232,4,4,3,4
3233,3,3,2,3
3234,5,4,5,4
3235,5,5,5,5
3236,3,3,3,5
3237,2,3,3,3
3238,3,4,3,4
3239,2,3,3,3
3240,5,5,5,4
3241,3,3,4,3
3242,5,4,4,4
3243,5,4,4,5
3249,3,3,4,3
3250,1,1,2,1
3251,3,2,4,2
3254,3,2,3,2
3260,3,2,3,2
3264,2,1,2,1
3265,3,4,4,4
3266,2,2,3,2
3267,4,4,4,4
3268,4,4,4,3
3269,4,4,4,4
3270,5,4,4,3
3271,4,4,4,5
3272,2,2,2,2
3273,5,5,5,5
3274,3,3,4,4
3275,4,3,5,2
3276,3,3,4,3
3277,4,3,4,3
3278,4,3,4,3
3279,4,3,5,3
3280,3,2,2,3
3281,5,4,5,4
3282,4,3,4,3
3283,4,4,5,4
3284,4,4,3,4
3285,4,4,5,4
3286,4,3,3,4
3287,3,3,5,3
3289,2,2,2,3
3292,3,3,3,3
3293,2,3,2,4
3294,4,4,3,4
3300,2,2,2,2
3301,5,4,5,4
3302,4,4,5,4
3303,2,2,4,3
3304,1,1,2,1
3305,2,1,2,1
3309,3,3,3,4
3310,1,1,2,1
3311,1,1,1,1
3312,4,3,4,4
3314,4,4,4,5
3315,2,2,3,3
3317,3,3,4,4
3318,2,2,2,3
3319,2,2,3,3
3321,5,4,5,4
3322,3,3,4,4
3323,3,3,3,4
3324,1,2,2,2
3325,2,2,2,3
3328,5,4,5,3
3329,3,3,4,4
3330,3,2,3,2
3331,4,4,5,3
3332,4,3,5,2
3333,3,3,4,3
3334,3,3,3,3
3335,3,3,4,3
3336,4,4,5,4
3337,1,1,2,1
3338,1,2,3,2
3340,3,3,4,3
3341,4,4,5,3
3342,3,3,4,3
3345,4,4,5,4
3350,3,3,2,4
3351,4,3,5,2
3352,4,4,5,3
3355,1,1,1,1
3356,1,1,1,1
3357,5,4,4,5
3358,4,4,4,3
3360,2,2,2,2
3361,1,1,1,2
3363,2,2,2,2
3364,4,4,4,4
3370,1,1,2,2
3371,1,1,2,1
3373,2,2,2,2
3374,3,3,3,3
3375,3,3,4,4
3377,1,1,1,1
3378,5,5,5,5
3379,3,3,3,4
3380,1,1,1,1
3381,4,3,3,4
3384,2,2,4,2
3385,4,3,4,4
3387,4,4,4,4
3388,2,2,2,4
3390,1,1,1,2
3391,2,2,4,3
3392,2,1,1,2
3393,1,1,1,2
3395,1,2,2,3
3396,2,2,2,2
3400,2,2,1,2
3401,5,4,5,4
3407,3,3,4,3
3409,4,4,3,4
3412,1,1,2,2
3413,5,5,5,5
3414,1,1,1,2
3415,5,5,5,5
3418,2,2,2,2
3419,3,3,2,3
3420,4,4,4,5
3423,1,1,1,1
3424,2,2,2,2
3427,4,4,4,3
3428,3,3,5,2
3429,4,4,4,3
3430,4,4,5,3
3431,5,4,5,4
3432,4,4,5,3
3433,5,4,5,4
3434,4,4,5,3
3435,4,4,5,4
3437,5,5,5,4
3438,5,5,5,5
3440,5,5,5,5
3441,5,5,5,5
3442,5,5,5,5
3444,4,4,4,4
3446,4,4,4,4
3447,4,4,4,4
3448,4,4,4,4
3450,3,3,1,4
3451,4,4,4,4
3453,4,4,4,4
3458,5,4,4,5
3460,3,3,2,4
3461,4,4,4,4
3462,3,3,3,4
3463,3,3,3,4
3464,2,1,2,1
3465,1,1,1,1
3467,1,1,1,1
3468,1,2,2,3
3469,2,2,3,3
3472,1,1,1,1
3475,1,1,2,2
3477,3,3,3,3
3478,1,1,1,1
3480,2,2,1,2
3482,4,4,4,4
3483,3,3,2,4
3485,1,1,1,3
3487,2,3,2,4
3488,2,3,2,4
3489,2,3,2,4
3490,2,2,2,2
3491,2,3,2,4
3494,2,2,1,1
3496,1,1,2,1
3498,4,3,4,2
3500,1,1,1,2
3501,5,4,5,3
3505,2,2,3,1
3506,5,5,5,5
3507,3,3,3,4
3509,2,3,3,3
3512,3,3,3,3
3515,5,4,5,3
3516,4,3,4,3
3517,1,1,1,1
3518,1,1,1,1
3520,1,1,1,1
3521,3,3,4,2
3522,3,3,4,4
3523,2,1,2,2
3525,2,2,2,2
3527,2,2,2,2
3529,3,3,3,4
3530,3,3,3,4
3531,3,3,3,4
3533,2,1,1,2
3537,3,2,2,3
3540,1,1,1,1
3542,4,4,3,2
3544,3,3,3,4
3546,2,2,3,3
3549,1,1,1,1
3550,2,2,1,3
3551,4,4,5,4
3555,2,1,1,2
3556,1,1,1,1
3557,4,3,4,2
3558,1,1,1,2
3559,3,3,4,4
3561,2,2,2,2
3562,3,3,4,2
3563,1,1,2,1
3564,2,2,2,2
3565,4,3,5,3
3566,2,2,2,2
3567,2,1,2,1
3568,2,2,2,2
3570,3,2,4,2
3571,4,4,4,4
3572,4,4,4,5
3573,3,3,3,3
3575,1,1,1,2
3576,3,4,3,4
3579,1,1,2,2
3580,2,1,2,1
3581,4,3,5,2
3583,3,3,4,2
3584,3,3,4,2
3585,2,2,1,2
3586,4,3,4,2
3588,2,1,3,1
3589,4,3,4,2
3590,3,2,4,2
3591,4,3,4,2
3594,1,1,1,1
3595,1,1,1,1
3596,2,2,3,2
3597,2,2,2,3
3599,2,3,2,3
3607,4,4,4,4
3608,2,2,2,2
3610,2,2,2,2
3612,1,1,1,1
3614,4,3,5,3
3616,3,2,3,3
3617,3,3,3,4
3618,1,1,1,1
3620,2,2,2,2
3621,2,1,2,1
3622,3,3,4,3
3623,1,1,2,1
3624,1,1,1,1
3629,1,1,1,1
3630,1,1,1,2
3631,4,4,5,3
3633,4,4,4,3
3634,3,3,4,3
3635,2,2,3,1
3636,2,2,2,2
3637,3,3,4,2
3638,2,2,2,2
3639,2,2,2,2
3640,2,3,3,2
3641,2,2,3,1
3644,1,1,2,1
3646,3,3,3,4
3647,5,5,4,5
3649,2,2,3,2
3658,3,2,3,2
3659,4,4,4,3
3660,1,1,1,1
3662,5,5,4,5
3663,4,4,5,4
3664,3,3,4,3
3665,4,4,4,4
3666,2,2,2,3
3669,2,2,2,3
3670,3,3,4,3
3672,2,2,1,2
3673,4,3,4,3
3675,4,3,5,3
3677,2,2,1,2
3678,5,4,5,4
3682,3,3,4,3
3683,3,2,3,2
3685,2,2,3,2
3687,3,2,3,2
3688,4,3,5,3
3690,2,2,2,2
3691,5,4,5,4
3695,5,4,5,4
3697,4,3,4,4
3698,5,4,4,4
3699,3,3,1,4
3700,2,2,2,2
3701,4,3,4,4
3704,4,3,4,4
3705,4,3,4,4
3707,2,2,2,3
3708,4,3,4,4
3709,3,3,3,4
3711,4,3,4,3
3712,3,2,2,3
3713,1,1,1,1
3714,3,2,2,3
3715,4,3,4,3
3717,3,3,3,3
3718,4,4,3,5
3719,3,4,4,4
3720,3,2,4,3
3722,4,3,4,3
3723,4,4,3,4
3725,4,3,4,4
3726,3,3,4,4
3727,2,2,3,3
3728,1,1,2,1
3730,2,2,2,2
3732,2,3,4,3
3733,3,4,3,4
3735,4,3,4,3
3737,3,2,3,2
3738,2,2,3,3
3739,2,2,3,3
3740,5,4,4,4
3741,4,4,3,4
3744,4,4,4,4
3746,3,3,3,3
3747,4,4,3,4
3749,5,4,4,5
3750,3,4,4,4
3751,2,3,4,4
3752,4,4,5,4
3753,4,4,5,3
3754,4,4,5,4
3755,5,4,5,4
3756,3,3,4,2
3757,4,3,4,3
3758,4,4,5,3
3759,5,5,5,5
3760,5,5,5,4
3761,5,5,5,4
3762,5,4,5,3
3763,4,3,4,3
3764,3,3,4,3
3765,5,4,5,4
3766,5,5,5,5
3767,5,5,5,5
3770,5,4,5,3
3775,5,4,5,4
3777,3,3,4,3
3778,4,4,5,3
3779,3,3,2,3
3781,4,3,5,3
3782,5,4,5,4
3783,4,4,5,4
3785,5,5,5,5
3786,5,5,5,5
3787,5,5,5,5
3788,5,5,5,5
3789,5,5,5,5
3791,5,5,5,5
3792,5,5,5,5
3793,4,4,4,4
3795,5,4,5,4
3796,4,4,5,3
3797,3,2,3,2
3799,2,2,2,2
3802,3,3,4,3
3803,1,2,2,2
3804,5,5,5,4
3805,3,3,4,3
3806,4,4,5,4
3807,5,4,5,4
3808,5,5,5,4
3809,5,4,5,4
3810,2,3,3,3
3812,4,4,5,3
3813,4,4,5,3
3814,4,3,5,2
3815,4,4,5,3
3816,2,2,3,2
3818,3,2,4,2
3820,3,3,3,3
3821,5,4,5,4
3822,4,3,5,3
3823,3,3,4,3
3824,3,3,3,3
3825,1,1,1,1
3831,3,3,4,3
3832,3,3,3,3
3833,2,2,2,2
3835,2,2,4,3
3840,1,1,1,1
3842,1,1,1,1
3844,3,2,2,2
3847,2,1,3,1
3850,2,2,2,3
3851,3,2,3,2
3854,4,3,5,2
3856,4,3,4,1
3857,4,3,4,3
3858,2,1,3,1
3859,3,3,4,3
3860,2,2,3,2
3862,3,2,4,2
3864,1,1,3,2
3865,2,2,3,1
3869,4,3,4,3
3870,3,2,3,3
3871,3,3,3,3
3873,3,3,4,2
3874,2,2,2,2
3875,2,2,2,2
3878,3,2,3,3
3880,2,2,2,3
3882,3,2,4,2
3885,2,2,3,3
3886,2,2,2,2
3887,2,2,2,2
3888,1,1,1,2
3889,1,2,2,3
3890,1,1,1,2
3891,3,4,4,4
3892,3,2,2,3
3893,2,3,3,4
3895,2,3,3,4
3896,3,3,3,4
3898,3,3,3,3
3900,2,2,2,3
3902,3,2,3,1
3903,2,2,2,3
3904,4,4,3,4
3909,1,1,1,1
3910,4,4,4,3
3911,4,4,5,3
3912,4,4,5,3
3913,4,4,5,3
3915,1,1,2,2
3916,5,5,5,5
3918,4,3,5,3
3919,3,2,3,2
3920,5,5,3,5
3921,3,4,1,5
3922,3,2,2,3
3923,5,4,4,4
3925,4,4,4,4
3926,5,5,5,5
3927,5,5,5,5
3928,5,5,5,5
3929,5,5,5,5
3930,5,5,5,5
3931,4,4,3,4
3933,5,5,5,4
3934,5,5,5,5
3936,4,4,3,3
3937,5,5,5,5
3938,4,4,4,4
3939,3,2,3,3
3940,1,1,1,2
3941,3,3,3,4
3942,5,5,4,5
3943,5,5,5,5
3944,5,5,5,5
3945,4,4,5,4
3946,4,4,5,4
3950,2,2,2,2
3951,5,4,5,4
3953,3,3,3,3
3954,4,4,5,4
3956,3,3,3,4
3957,4,4,4,4
3958,5,4,5,4
3959,5,4,4,4
3960,3,2,2,3
3962,2,2,2,2
3964,2,2,3,2
3965,2,2,2,1
3966,2,2,3,2
3967,2,2,3,2
3971,1,1,2,2
3975,4,4,5,4
3976,1,1,2,2
3977,3,3,4,3
3978,4,4,5,4
3979,4,4,5,4
3980,4,3,5,1
3981,3,2,4,2
3984,2,2,3,1
3987,4,3,5,2
3988,4,4,5,3
3990,2,2,3,2
3991,2,2,3,2
3992,3,2,4,2
3995,2,1,2,2
3996,4,4,4,4
4000,3,5,1,5
4005,5,5,2,5
4006,5,5,1,5
4007,5,5,3,5
4008,3,2,2,1
4009,5,5,2,5
4010,5,5,2,5
4011,5,5,4,5
4012,5,5,3,5
4013,4,4,3,5
4014,5,5,4,4
4017,4,4,4,4
4018,3,3,2,4
4019,2,2,1,2
4020,3,3,2,3
4021,1,1,1,1
4022,2,2,2,2
4025,4,4,3,3
4030,5,5,3,5
4031,5,5,4,5
4032,3,4,1,4
4034,4,4,3,4
4035,5,5,5,5
4036,4,3,4,3
4037,5,5,5,5
4051,5,5,4,5
4053,5,5,4,5
4054,4,4,4,4
4055,5,5,5,5
4059,4,5,1,5
4060,5,5,5,5
4061,5,5,5,5
4064,5,5,3,5
4065,5,5,5,5
4066,5,5,2,5
4067,4,5,1,5
4068,5,5,3,5
4069,5,5,5,5
4070,5,5,5,5
4073,5,5,5,5
4074,5,5,5,5
4075,5,5,4,5
4076,1,2,1,3
4077,1,1,1,2
4078,2,3,3,3
4101,4,5,1,5
4102,4,5,1,5
4103,4,5,1,5
4104,5,5,3,5
4105,4,5,2,5
4106,2,3,1,4
4107,4,4,3,4
4108,2,3,1,4
4109,2,4,2,4
4110,2,3,3,3
4111,5,4,2,4
4112,4,4,4,5
4113,3,4,3,4
4114,1,1,1,1
4115,4,4,4,4
4116,4,4,4,4
4117,2,2,3,3
4118,2,2,3,2
4119,3,4,4,4
4120,5,5,2,5
4121,5,5,5,5
4122,4,4,3,5
4123,4,4,5,4
4124,3,3,5,2
4125,2,2,3,2
4127,2,2,2,3
4128,4,4,5,4
4129,3,3,3,2
4130,5,4,5,4
4131,1,1,1,1
4132,1,1,1,1
4133,1,1,2,1
4151,5,5,3,5
4152,5,5,5,5
4153,5,5,5,5
4154,5,5,5,5
4155,5,5,5,4
4156,5,5,5,5
4157,3,3,4,3
4158,3,3,3,3
4159,4,4,4,3
4160,5,5,5,4
4161,3,3,4,2
4163,3,4,3,4
4164,5,4,5,4
4165,4,4,5,3
4169,4,5,1,5
4170,5,5,4,5
4171,5,5,5,5
4172,5,5,4,5
4173,4,4,4,4
4174,4,4,4,3
4178,3,4,3,4
4179,4,4,4,4
4183,2,2,2,2
4184,1,1,1,1
4205,1,1,1,1
4207,2,2,2,1
4208,4,4,5,3
4209,3,3,4,3
4210,4,4,5,3
4211,3,3,4,3
4212,4,4,5,4
4213,4,4,5,4
4214,3,4,4,4
4215,2,2,1,3
4216,3,3,3,3
4217,3,4,2,4
4218,4,4,3,4
4220,4,4,3,4
4221,4,4,4,4
4223,4,4,4,4
4224,4,4,3,4
4225,3,3,1,4
4226,4,4,4,4
4227,4,4,3,4
4228,5,5,5,4
4270,4,4,5,3
4272,4,4,4,4
4275,4,4,5,3
4280,3,3,5,2
4285,2,2,3,1
4287,1,1,3,2
4300,3,3,4,3
4301,1,1,1,1
4303,1,1,1,1
4304,1,1,1,1
4305,1,1,1,1
4306,4,4,5,3
4307,3,3,4,2
4309,3,2,4,2
4310,2,2,3,2
4311,1,1,2,1
4312,1,1,2,1
4313,1,1,2,1
4314,1,1,1,1
4340,1,1,2,1
4341,1,1,3,1
4342,1,1,2,1
4343,1,1,2,1
4344,3,2,4,2
4346,3,3,4,2
4347,2,2,3,1
4350,2,2,2,3
4352,5,4,5,3
4353,3,3,4,2
4354,2,1,2,1
4355,1,1,1,1
4356,3,2,3,2
4357,1,1,1,1
4358,3,3,4,2
4359,3,3,4,3
4360,2,2,3,3
4361,1,1,2,2
4362,2,2,3,2
4363,2,2,3,2
4364,3,3,4,3
4365,1,1,1,1
4370,1,1,2,1
4371,3,2,3,2
4372,2,2,5,1
4373,1,1,1,1
4374,2,2,2,3
4375,2,3,3,3
4376,1,1,1,1
4377,2,1,3,1
4378,2,2,3,2
4380,1,1,2,1
4381,2,2,3,2
4382,3,3,3,4
4383,1,1,1,1
4384,3,3,3,3
4385,1,1,1,1
4387,1,1,1,1
4388,1,1,1,1
4390,3,3,3,2
4400,3,2,4,1
4401,1,1,2,1
4402,1,1,1,1
4403,2,2,3,2
4404,4,4,4,3
4405,2,2,2,1
4406,3,3,4,3
4407,1,1,1,1
4408,1,1,3,2
4410,1,1,1,1
4411,2,2,4,2
4412,3,3,4,3
4413,2,2,2,2
4415,1,1,1,1
4416,3,3,4,4
4417,2,2,2,2
4418,3,3,4,3
4419,1,2,2,2
4420,3,3,3,2
4421,1,1,1,1
4422,3,3,3,4
4423,3,4,4,4
4424,3,3,3,4
4425,3,4,4,4
4426,4,4,5,4
4427,1,1,1,1
4428,3,3,3,2
4454,3,3,4,3
4455,3,3,2,2
4461,5,5,5,5
4462,3,3,3,3
4465,1,2,2,1
4467,4,4,5,4
4468,2,2,2,2
4470,2,2,1,2
4472,2,2,2,1
4474,5,5,5,5
4477,1,2,2,2
4478,2,1,2,2
4479,5,4,5,4
4480,3,2,2,2
4481,3,2,3,1
4482,2,2,1,1
4486,1,1,1,2
4487,1,2,1,2
4488,3,3,3,3
4489,4,4,4,4
4490,1,1,1,2
4491,1,1,1,2
4492,3,2,2,1
4493,3,2,3,1
4494,3,4,3,4
4496,2,3,2,3
4497,3,3,3,3
4498,3,3,3,3
4500,4,3,4,3
4501,1,1,1,2
4502,3,3,3,3
4503,3,3,3,3
4504,4,4,5,3
4505,3,3,4,2
4506,1,1,2,1
4507,2,2,2,2
4508,1,1,1,1
4509,4,4,4,4
4510,1,1,2,1
4511,2,2,3,1
4512,4,3,5,3
4514,2,2,4,1
4515,2,2,3,1
4516,4,3,5,2
4517,3,3,4,2
4518,4,3,4,3
4519,2,2,3,2
4520,5,5,5,5
4521,5,4,5,4
4550,3,3,4,2
4551,3,3,3,3
4552,3,3,3,4
4553,5,4,5,4
4554,3,3,5,3
4555,4,4,4,3
4556,4,4,4,4
4557,4,4,3,4
4558,3,3,2,3
4559,4,4,4,3
4560,3,3,3,3
4561,4,4,5,3
4562,5,4,5,4
4563,4,3,4,3
4564,4,3,3,3
4565,3,3,3,3
4566,4,4,4,4
4567,5,5,4,5
4568,3,3,4,3
4569,3,3,3,3
4570,1,1,2,1
4571,2,2,3,4
4572,4,4,3,4
4573,4,4,4,4
4574,3,2,3,2
4575,4,4,4,4
4580,1,1,1,1
4581,2,2,2,2
4600,1,1,2,2
4601,1,1,1,2
4605,1,1,1,1
4606,1,1,1,1
4608,1,1,2,2
4610,1,1,2,1
4611,2,3,3,3
4612,1,1,2,1
4613,1,1,1,1
4614,1,1,1,1
4615,1,1,1,1
4620,1,1,2,1
4621,1,1,1,1
4625,1,1,1,1
4626,1,1,1,1
4627,1,1,1,1
4630,1,1,2,1
4650,1,1,1,1
4655,1,1,2,1
4659,1,1,1,1
4660,1,1,2,1
4662,1,1,1,1
4670,1,1,2,1
4671,1,1,1,1
4673,1,1,2,1
4674,1,1,1,1
4676,1,1,2,1
4677,1,1,2,1
4678,1,1,3,1
4680,2,2,2,1
4694,2,1,2,1
4695,1,1,3,1
4697,1,1,2,1
4699,1,1,3,1
4700,2,2,1,2
4701,2,2,2,2
4702,2,2,3,1
4703,3,3,4,2
4704,4,3,5,1
4705,3,4,4,3
4706,2,2,3,2
4707,1,1,1,1
4709,4,4,2,2
4710,2,1,2,1
4711,5,4,5,2
4712,1,1,1,1
4713,1,1,1,1
4714,1,1,1,1
4715,3,2,3,1
4716,3,2,4,1
4717,2,2,2,1
4718,2,2,2,1
4719,3,3,3,2
4720,3,3,4,2
4721,3,3,3,1
4722,4,3,4,3
4723,3,3,3,2
4724,3,3,4,2
4725,3,3,2,3
4726,2,2,1,1
4727,2,3,2,3
4728,3,3,3,4
4730,3,3,2,3
4731,2,2,2,1
4732,3,3,4,4
4733,5,5,5,4
4735,2,2,1,2
4736,3,2,3,1
4737,2,2,3,1
4738,2,2,4,1
4739,2,1,2,1
4740,3,3,3,2
4741,3,3,4,1
4742,2,2,3,1
4743,4,3,2,2
4744,4,4,3,2
4745,2,2,2,1
4746,4,3,1,2
4750,4,3,4,2
4751,4,3,4,1
4753,4,3,5,2
4754,2,2,4,1
4756,1,1,1,1
4757,1,1,1,1
4798,1,1,2,1
4799,1,1,2,1
4800,3,2,3,1
4802,3,3,2,2
4804,1,1,1,1
4805,1,1,1,1
4806,2,1,2,1
4807,2,2,2,1
4808,3,2,3,1
4809,1,1,2,1
4810,3,4,1,4
4811,3,3,3,3
4812,2,2,1,3
4814,2,3,2,3
4815,1,1,2,1
4816,1,1,1,1
4817,3,3,3,2
4818,4,3,4,2
4819,2,2,1,3
4820,1,1,1,1
4821,2,2,2,2
4822,3,3,3,2
4823,3,3,3,2
4824,2,2,1,1
4825,2,2,1,2
4828,1,1,1,1
4829,1,1,1,1
4830,1,1,1,1
4849,1,1,1,1
4850,2,1,2,1
4852,2,2,2,2
4854,1,1,1,1
4855,2,2,2,2
4856,2,1,3,1
4858,2,2,3,1
4859,1,1,1,1
4860,1,1,1,1
4861,1,1,1,1
4865,3,3,4,2
4868,2,2,2,2
4869,2,2,3,2
4870,2,3,1,3
4871,1,1,1,1
4872,2,2,2,2
4873,2,1,2,2
4874,2,3,1,2
4875,1,1,1,2
4876,1,1,1,1
4877,3,3,2,3
4878,3,3,3,4
4879,4,4,4,4
4880,1,1,1,1
4881,2,2,2,3
4882,3,3,4,2
4883,2,2,1,2
4884,4,3,3,3
4885,2,2,2,3
4886,1,2,2,3
4887,1,1,1,1
4888,1,1,1,1
4890,1,1,1,1
4891,1,1,1,1
4892,1,1,1,1
4895,1,1,1,1
5000,2,4,1,5
5006,5,5,2,5
5007,3,4,1,5
5008,2,3,1,4
5009,3,3,2,3
5010,1,1,1,2
5011,3,4,2,4
5012,1,1,1,2
5013,1,1,1,2
5014,2,2,1,2
5015,2,3,1,3
5016,3,3,2,3
5017,1,1,1,1
5018,4,3,3,3
5019,3,3,2,4
5020,5,4,4,4
5021,5,4,4,4
5022,5,5,4,5
5023,2,2,1,3
5024,4,4,3,4
5025,4,4,3,4
5031,3,4,1,5
5032,4,4,2,4
5033,2,3,1,4
5034,5,5,3,5
5035,4,4,1,5
5037,3,4,1,4
5038,3,4,1,4
5039,3,4,2,4
5040,3,4,3,4
5041,5,5,4,5
5042,3,4,2,4
5043,2,2,1,4
5044,5,4,3,5
5045,4,4,3,5
5046,3,3,1,4
5047,2,3,1,4
5048,4,4,3,4
5049,5,4,4,5
5050,5,5,5,5
5051,5,5,5,5
5052,5,5,5,5
5061,5,5,4,5
5062,5,5,5,5
5063,5,5,3,5
5064,5,5,5,5
5065,5,5,3,5
5066,5,5,5,5
5067,4,5,2,5
5068,4,5,3,5
5069,5,5,3,5
5070,4,4,2,4
5072,4,5,3,5
5073,4,4,3,4
5074,3,3,2,4
5075,4,4,3,4
5076,5,4,5,4
5081,5,5,4,5
5082,4,5,3,5
5083,4,4,2,4
5084,1,1,1,2
5085,2,3,2,4
5086,2,3,1,4
5087,3,3,1,4
5088,2,2,1,3
5089,5,4,5,4
5090,3,3,2,3
5091,4,4,4,4
5092,3,3,3,3
5093,2,2,2,2
5094,1,1,1,2
5095,3,3,2,4
5096,2,2,2,2
5097,4,3,3,3
5098,2,2,2,2
5106,1,1,1,1
5107,1,1,1,1
5108,1,1,1,1
5109,1,1,1,1
5110,1,1,2,1
5112,1,1,1,1
5113,1,1,1,1
5114,1,1,2,1
5115,1,1,1,1
5116,2,1,2,2
5117,5,4,5,2
5118,3,3,3,2
5120,2,3,4,2
5121,2,2,3,1
5125,4,4,4,4
5126,4,3,4,3
5127,4,4,4,4
5131,5,5,5,4
5132,5,5,5,5
5133,5,5,5,4
5134,5,5,5,5
5136,5,5,5,5
5137,5,5,5,5
5138,5,5,5,5
5139,4,4,5,5
5140,5,5,5,5
5141,5,5,5,5
5142,4,4,5,4
5144,5,5,5,5
5150,5,5,5,5
5151,5,5,5,5
5152,5,5,5,5
5153,5,5,5,5
5154,5,5,5,5
5155,5,5,5,5
5156,5,5,5,5
5157,5,4,5,4
5158,4,4,4,4
5159,4,4,4,4
5160,NA,NA,NA,1
5161,3,2,2,2
5162,2,2,2,1
5163,1,1,1,1
5164,1,1,1,1
5165,1,1,1,2
5166,1,1,1,1
5167,3,3,3,3
5168,1,1,1,2
5169,3,2,3,2
5170,3,2,2,3
5171,4,4,4,3
5172,4,4,5,4
5173,2,2,2,2
5174,3,2,4,2
5201,5,4,5,3
5202,3,2,4,2
5203,2,2,2,2
5204,2,2,2,2
5210,3,3,5,3
5211,2,2,2,2
5212,3,2,3,3
5213,4,3,4,4
5214,2,1,2,2
5220,1,1,1,1
5221,1,1,2,1
5222,3,3,3,3
5223,3,2,2,3
5231,5,4,5,4
5232,5,4,5,4
5233,4,4,4,4
5234,4,4,4,4
5235,3,3,4,3
5236,2,2,4,2
5237,2,1,3,2
5238,1,1,1,1
5240,5,4,5,4
5241,4,3,4,3
5242,5,5,5,4
5243,5,5,5,4
5244,4,4,5,4
5245,5,4,5,4
5250,5,4,5,4
5251,4,3,3,3
5252,4,3,4,3
5253,1,1,1,1
5254,3,2,4,2
5255,3,3,4,2
5256,1,1,2,1
5259,2,2,2,2
5260,1,1,1,1
5261,3,3,4,3
5262,4,4,4,4
5263,5,4,4,4
5264,1,1,1,2
5265,2,2,2,2
5266,4,3,3,4
5267,3,3,3,3
5268,2,2,3,1
5269,1,1,4,2
5270,4,4,5,3
5271,2,2,2,2
5272,4,4,4,3
5273,4,4,4,4
5275,2,2,2,1
5276,4,3,3,3
5277,2,1,2,1
5278,1,1,2,2
5279,1,1,2,1
5280,1,1,1,1
5290,1,1,1,1
5291,4,3,5,2
5301,3,3,4,4
5302,3,3,3,2
5303,4,3,4,3
5304,2,2,2,2
5306,4,3,3,4
5307,1,1,1,2
5308,2,2,3,3
5309,3,3,4,4
5310,1,2,3,2
5311,3,3,3,2
5320,1,1,1,1
5321,1,1,1,1
5322,2,2,3,1
5330,1,1,1,1
5331,2,2,2,2
5332,1,1,2,1
5333,2,2,2,2
5340,2,2,2,1
5341,1,1,1,1
5342,2,2,4,1
5343,1,1,1,1
5344,2,2,3,1
5345,1,1,1,1
5346,1,1,1,1
5350,5,4,5,3
5351,4,4,5,3
5352,4,4,3,3
5353,2,2,3,2
5354,1,1,1,1
5355,3,2,3,2
5356,3,2,4,1
5357,1,1,1,1
5360,4,4,5,3
5371,4,3,5,2
5372,3,2,4,1
5373,2,2,2,1
5374,1,1,2,1
5381,1,1,1,1
5400,4,3,5,2
5401,1,1,1,1
5410,2,2,3,2
5411,2,1,3,1
5412,1,1,1,2
5413,2,2,2,2
5414,4,3,4,4
5415,4,4,4,4
5416,2,1,3,1
5417,2,2,2,2
5418,2,2,2,2
5419,4,3,2,3
5420,1,1,1,1
5421,1,1,1,1
5422,1,1,1,1
5431,3,3,3,3
5432,4,4,4,4
5433,1,1,1,1
5434,3,3,1,3
5440,4,4,2,4
5451,3,3,3,3
5452,4,4,4,4
5453,3,3,3,3
5454,2,2,2,2
5455,5,4,4,4
5460,1,1,3,2
5461,1,1,2,1
5462,2,2,3,1
5464,2,2,3,3
5470,2,2,3,4
5471,2,2,3,4
5472,3,3,2,4
5473,1,1,1,1
5480,2,2,2,3
5481,3,3,3,4
5482,3,3,3,4
5483,4,4,3,4
5485,2,2,2,2
5490,5,4,5,4
5491,3,3,3,3
5493,1,2,2,3
5495,1,1,2,1
5501,3,2,4,1
5502,2,2,3,1
5510,2,2,2,2
5520,1,1,1,1
5521,2,3,2,4
5522,1,1,1,2
5523,2,2,2,2
5540,1,1,1,1
5550,1,1,1,1
5552,2,2,3,2
5554,1,1,2,1
5555,2,2,3,3
5556,1,1,1,1
5558,1,1,2,1
5560,1,1,2,2
5570,1,1,1,2
5571,2,1,1,1
5572,4,4,4,4
5573,1,1,1,2
5575,2,1,2,1
5576,2,1,2,1
5577,1,1,2,1
5580,3,2,3,2
5581,3,2,2,2
5582,2,2,2,2
5583,1,1,1,1
5600,3,3,2,2
5601,5,4,5,4
5602,2,2,2,2
5603,2,2,2,2
5604,1,1,1,2
5605,3,2,2,2
5606,2,1,1,1
5607,4,3,4,3
5608,1,1,1,1
5609,4,3,3,3
5611,1,1,1,1
5630,4,4,5,4
5631,4,3,3,3
5632,4,5,4,5
5633,2,3,2,4
5640,2,2,2,2
5641,3,3,3,3
5642,5,4,5,5
5650,5,4,4,4
5651,4,4,4,4
5652,3,3,2,2
5653,2,3,2,3
5654,2,3,2,3
5655,3,3,3,3
5660,3,3,3,3
5661,3,3,3,3
5670,1,2,1,3
5671,3,3,3,3
5680,3,2,2,2
5690,1,1,1,2
5700,1,1,1,1
5701,3,3,4,3
5710,3,2,4,1
5713,4,3,2,4
5715,4,4,2,5
5717,4,3,2,3
5719,3,2,2,1
5720,4,3,2,2
5722,1,1,1,1
5723,1,1,1,1
5724,3,2,2,1
5725,4,4,3,2
5730,2,3,1,3
5731,2,2,1,3
5732,1,1,1,1
5733,2,2,1,3
5734,1,1,1,1
6000,4,5,1,5
6003,4,5,1,5
6004,4,5,1,5
6005,4,5,1,5
6006,5,5,4,5
6007,5,5,3,5
6008,5,5,3,5
6009,5,5,5,5
6010,5,5,5,5
6011,5,5,5,5
6012,5,5,4,5
6014,5,5,5,5
6015,5,5,5,5
6016,5,5,4,5
6017,3,3,1,4
6018,5,5,4,5
6019,5,5,4,5
6020,5,5,5,5
6021,4,4,4,4
6022,4,4,5,4
6023,5,5,5,5
6024,4,4,4,4
6025,5,5,5,4
6026,5,5,5,4
6027,4,4,5,4
6028,5,5,5,4
6029,5,5,5,5
6030,3,3,4,3
6031,4,4,5,3
6032,3,4,5,3
6033,4,4,5,3
6034,4,3,5,3
6035,2,2,4,2
6036,3,3,4,3
6037,3,2,4,2
6038,4,4,4,3
6041,2,2,4,1
6042,2,3,2,4
6043,2,2,3,1
6044,2,1,2,1
6050,5,5,4,5
6051,3,4,1,5
6052,4,5,3,5
6053,4,5,4,5
6054,3,3,2,3
6055,4,4,5,3
6056,2,2,3,2
6057,3,3,4,2
6058,3,2,3,2
6059,4,4,4,4
6060,4,4,2,4
6061,1,1,1,2
6062,3,3,3,3
6063,2,2,3,2
6064,1,1,2,1
6065,4,4,5,3
6066,2,2,4,2
6067,1,1,1,5
6069,3,3,5,2
6070,5,5,5,5
6071,5,5,5,4
6072,5,4,5,4
6073,4,4,5,4
6074,4,4,5,3
6076,5,5,5,4
6077,4,4,5,2
6078,5,4,5,3
6079,3,4,5,2
6081,5,4,5,4
6082,4,4,5,3
6083,5,4,5,3
6084,4,3,5,2
6100,4,5,2,5
6101,4,4,2,5
6102,2,3,1,4
6103,3,4,1,4
6104,2,3,2,3
6105,2,3,2,3
6106,NA,NA,NA,2
6107,3,3,2,3
6108,2,2,3,2
6109,1,1,2,1
6110,2,2,3,2
6111,2,2,3,2
6112,3,3,4,3
6121,4,4,5,3
6122,4,3,5,2
6123,3,3,5,1
6124,4,4,5,3
6125,4,4,5,2
6126,4,4,4,4
6147,2,3,2,3
6148,4,5,4,5
6149,5,5,5,5
6150,5,5,5,5
6151,5,5,4,5
6152,5,5,3,5
6153,5,5,5,5
6154,5,5,5,5
6155,5,5,5,4
6156,4,5,4,5
6157,4,5,4,5
6158,5,5,5,5
6159,5,5,4,5
6160,4,5,2,5
6161,3,4,1,3
6162,4,5,3,5
6163,3,4,3,4
6164,4,4,5,4
6165,3,2,4,2
6166,4,4,5,3
6167,2,2,2,1
6168,1,1,1,1
6169,2,2,3,2
6170,3,3,4,3
6171,4,3,5,3
6172,2,2,4,1
6173,4,4,5,3
6174,3,3,4,2
6175,4,4,5,3
6176,4,3,5,2
6180,3,3,4,2
6181,4,4,5,2
6207,4,4,5,2
6208,2,1,3,1
6209,1,1,3,1
6210,2,2,3,1
6211,3,2,4,2
6213,2,2,4,1
6214,3,3,5,1
6215,1,1,3,1
6218,1,1,2,1
6219,2,2,4,1
6220,2,1,3,1
6221,4,4,5,3
6223,4,4,5,3
6224,2,1,2,1
6225,1,1,2,1
6226,5,4,5,3
6227,3,3,5,2
6228,3,3,2,3
6229,2,2,2,2
6230,2,2,2,2
6232,3,2,4,1
6233,3,3,4,2
6236,4,4,5,3
6237,4,3,5,2
6239,3,2,4,2
6240,5,4,5,4
6243,3,3,4,3
6244,3,3,3,3
6251,2,2,4,2
6252,2,2,3,2
6253,2,3,3,4
6254,1,1,2,1
6255,3,3,4,2
6256,4,4,5,4
6258,2,1,2,1
6260,3,3,4,2
6262,2,2,3,2
6271,2,2,4,1
6275,2,2,3,3
6280,3,3,4,2
6281,5,4,5,4
6282,5,5,5,5
6284,5,4,5,4
6285,4,4,4,4
6286,4,4,4,4
6288,3,3,3,3
6290,2,2,2,2
6302,2,2,2,2
6304,2,2,2,2
6306,2,2,3,1
6308,1,2,2,2
6309,1,2,2,2
6311,3,2,3,2
6312,2,2,1,2
6313,4,4,5,4
6315,2,2,2,2
6316,3,3,3,4
6317,1,1,1,1
6318,3,3,4,4
6320,1,2,2,3
6321,1,1,1,1
6322,4,4,5,4
6323,1,1,3,2
6324,1,2,2,2
6326,3,3,5,4
6327,3,3,4,4
6328,3,3,3,3
6330,3,2,3,2
6333,3,3,3,4
6335,2,2,3,3
6336,3,3,3,4
6337,3,3,3,3
6338,4,4,4,4
6341,5,4,4,4
6343,5,4,4,4
6346,3,3,2,2
6348,3,3,2,3
6350,2,2,2,3
6351,5,4,5,5
6352,5,4,5,5
6353,4,4,4,4
6355,4,4,5,4
6356,5,5,5,5
6357,5,5,5,5
6358,4,4,4,5
6359,3,3,4,3
6361,4,4,5,4
6363,5,5,5,5
6365,3,3,4,3
6367,1,1,1,2
6368,5,5,5,5
6369,3,3,4,3
6370,2,2,2,2
6372,4,4,4,4
6373,5,5,5,5
6375,3,3,3,3
6383,2,2,2,2
6384,5,4,4,4
6385,4,4,5,4
6386,4,4,5,4
6390,2,2,3,1
6391,4,4,4,4
6392,4,4,3,3
6393,4,4,4,4
6394,4,4,4,5
6395,2,3,3,3
6396,3,4,2,4
6397,1,2,3,3
6398,2,1,1,2
6401,1,1,2,1
6403,3,2,3,1
6405,3,2,4,2
6407,3,3,2,2
6409,2,2,2,2
6410,1,1,1,1
6411,5,4,5,4
6412,5,4,5,4
6413,2,3,3,3
6414,2,3,3,3
6415,2,2,2,1
6418,2,2,2,2
6419,4,4,5,4
6420,5,5,5,4
6421,4,4,5,4
6422,4,4,2,4
6423,4,4,2,4
6424,4,5,5,4
6425,5,5,5,4
6426,2,2,1,1
6428,4,4,5,4
6429,1,1,1,1
6430,4,4,4,2
6431,1,1,1,1
6432,1,1,2,1
6436,1,1,1,1
6437,4,3,2,1
6438,1,1,1,1
6440,1,1,1,1
6442,1,1,1,1
6443,1,1,1,1
6445,4,4,4,5
6446,5,5,5,4
6447,5,5,5,4
6448,2,2,4,2
6450,3,2,3,2
6452,5,5,5,5
6460,2,2,2,1
6461,2,2,1,3
6462,4,4,4,5
6463,5,4,4,5
6465,4,4,4,5
6466,4,4,4,4
6467,4,4,4,4
6468,5,4,5,4
6470,5,5,5,4
6472,3,3,2,4
6473,4,4,4,4
6475,2,2,2,1
6476,2,3,3,3
6477,2,3,3,3
6479,4,3,4,3
6480,4,4,4,4
6485,1,1,1,2
6487,1,1,1,3
6488,1,1,1,3
6489,1,1,1,3
6490,2,3,2,3
6501,3,3,5,2
6502,3,3,4,3
6503,3,3,4,2
6504,3,3,4,4
6505,3,3,4,4
6506,5,4,5,4
6507,4,4,4,3
6509,5,4,5,4
6510,1,1,2,1
6511,2,2,3,1
6512,5,4,4,4
6513,3,4,4,4
6514,1,1,2,1
6515,4,4,4,3
6516,3,2,3,1
6517,3,3,2,2
6518,1,2,1,2
6519,2,2,2,3
6521,3,3,4,3
6522,3,3,4,2
6525,2,2,2,1
6528,2,2,4,2
6530,2,2,2,2
6532,4,3,5,2
6535,1,1,2,1
6536,2,2,2,1
6537,2,2,1,2
6556,4,3,5,2
6558,4,3,4,3
6560,1,1,3,1
6562,3,3,5,2
6564,2,1,3,1
6566,2,2,3,2
6567,2,2,4,2
6568,3,3,4,3
6569,3,3,3,3
6571,3,3,3,3
6572,5,4,5,4
6574,5,5,5,5
6575,5,4,4,4
6603,2,2,2,2
6605,4,4,4,4
6606,4,4,4,4
6608,5,5,5,5
6609,4,4,4,3
6612,4,4,4,4
6613,5,5,5,5
6614,5,5,5,5
6616,5,5,5,5
6620,4,4,3,4
6623,1,1,1,2
6625,5,5,5,5
6627,5,5,5,5
6628,5,5,5,5
6630,1,1,1,2
6631,1,1,4,1
6632,5,5,5,5
6635,1,1,1,1
6638,1,1,1,1
6639,2,1,2,1
6640,1,1,1,2
6642,1,1,1,1
6646,1,1,1,3
6701,1,1,1,1
6705,1,1,1,3
6707,4,4,3,2
6710,4,4,3,2
6713,5,5,5,3
6714,5,4,4,3
6716,3,2,1,1
6718,1,1,1,1
6720,4,4,3,1
6721,5,5,3,4
6722,3,3,2,1
6725,2,3,1,3
6726,2,4,2,4
6728,1,1,1,1
6740,1,1,1,1
6743,1,2,1,3
6751,4,3,2,1
6753,3,3,1,2
6754,3,3,2,1
6758,1,1,1,3
6760,1,1,1,1
6762,1,1,1,5
6765,1,1,1,2
6770,1,1,1,1
6798,2,3,1,3
6799,1,1,2,1
7000,4,5,1,5
7004,5,5,2,5
7005,4,5,2,5
7007,5,5,3,5
7008,4,4,2,5
7009,1,2,1,3
7010,1,1,1,1
7011,1,1,1,1
7012,4,3,4,2
7015,4,4,3,4
7016,1,1,1,1
7017,4,4,4,3
7018,3,3,2,4
7019,1,1,1,1
7020,5,4,5,4
7021,5,4,5,4
7022,4,3,4,4
7023,4,4,3,4
7024,5,5,5,5
7025,4,4,4,4
7026,3,2,4,2
7027,1,1,2,1
7030,1,1,1,1
7050,3,3,2,4
7052,5,4,4,4
7053,5,5,4,5
7054,4,4,4,4
7055,3,3,3,3
7109,3,3,3,3
7112,1,2,1,3
7113,2,2,2,3
7116,2,2,2,2
7117,1,1,2,1
7119,1,1,2,1
7120,1,1,2,1
7140,1,1,1,1
7150,4,4,4,4
7155,4,4,4,4
7162,5,4,4,5
7163,5,4,4,4
7170,5,5,5,4
7171,3,2,3,2
7172,2,2,2,2
7173,3,2,3,2
7174,3,3,3,3
7175,3,3,3,3
7176,3,3,3,3
7177,2,2,2,2
7178,1,2,1,3
7179,2,2,2,3
7180,1,1,1,2
7182,1,1,1,1
7183,2,2,2,3
7184,1,1,1,1
7185,2,2,3,3
7186,2,2,3,3
7187,1,1,1,2
7190,1,1,2,1
7209,1,1,1,1
7210,1,1,1,1
7211,2,2,2,2
7212,3,3,3,3
7213,1,1,1,1
7214,1,1,1,1
7215,2,1,1,2
7216,1,1,1,1
7248,1,1,1,1
7249,2,2,1,3
7250,2,3,2,3
7252,4,3,4,3
7253,1,1,1,1
7254,2,2,3,1
7255,2,2,2,3
7256,3,2,3,2
7257,1,1,1,1
7258,5,5,5,4
7259,3,2,4,3
7260,1,1,2,1
7261,1,1,1,1
7262,2,2,2,2
7263,1,1,1,1
7264,1,1,1,1
7265,1,1,1,3
7267,3,3,4,2
7268,3,3,3,3
7270,1,1,1,1
7275,3,2,3,3
7276,3,2,3,2
7277,4,4,4,3
7290,3,2,3,1
7291,4,3,4,2
7292,3,3,4,2
7300,3,2,3,1
7301,2,1,2,1
7302,2,2,2,1
7303,2,2,2,2
7304,1,1,2,2
7305,1,1,2,1
7306,2,2,3,1
7307,2,2,2,1
7310,1,1,1,1
7315,1,1,2,1
7316,3,2,3,2
7320,1,1,1,1
7321,2,2,3,1
7322,1,1,1,1
7325,1,1,1,1
7330,1,1,2,1
7331,3,2,2,2
7466,2,1,4,1
7467,1,1,1,1
7468,2,1,1,1
7469,1,1,1,1
7470,1,1,1,1
