age_years,sex,year,cultural_background,adjusted_population
0,Male,2005,ATSI,367.2444281
0,Female,2005,ATSI,347.8073727
1,Male,2005,ATSI,386.0869683
1,Female,2005,ATSI,367.8674629
2,Male,2005,ATSI,365.9299904
2,Female,2005,ATSI,354.5167497
3,Male,2005,ATSI,396.4282739
3,Female,2005,ATSI,388.4292143
4,Male,2005,ATSI,398.0605887
4,Female,2005,ATSI,366.6998133
5,Male,2005,ATSI,358.1792638
5,Female,2005,ATSI,394.4702223
6,Male,2005,ATSI,433.5692722
6,Female,2005,ATSI,398.9082815
7,Male,2005,ATSI,422.9072008
7,Female,2005,ATSI,403.4008189
8,Male,2005,ATSI,413.8685019
8,Female,2005,ATSI,380.8131791
9,Male,2005,ATSI,376.8770243
9,Female,2005,ATSI,378.3540638
10,Male,2005,ATSI,386.6746128
10,Female,2005,ATSI,387.1964484
11,Male,2005,ATSI,412.1487953
11,Female,2005,ATSI,399.4203225
12,Male,2005,ATSI,380.8854354
12,Female,2005,ATSI,378.1011423
13,Male,2005,ATSI,392.9476567
13,Female,2005,ATSI,405.1725397
14,Male,2005,ATSI,384.9772527
14,Female,2005,ATSI,382.6796251
15,Male,2005,ATSI,421.2423701
15,Female,2005,ATSI,381.7463743
16,Male,2005,ATSI,353.1138708
16,Female,2005,ATSI,366.4815539
17,Male,2005,ATSI,334.9990468
17,Female,2005,ATSI,344.8612995
0,Male,2006,ATSI,367.2444281
0,Female,2006,ATSI,347.8073727
1,Male,2006,ATSI,386.0869683
1,Female,2006,ATSI,367.8674629
2,Male,2006,ATSI,365.9299904
2,Female,2006,ATSI,354.5167497
3,Male,2006,ATSI,396.4282739
3,Female,2006,ATSI,388.4292143
4,Male,2006,ATSI,398.0605887
4,Female,2006,ATSI,366.6998133
5,Male,2006,ATSI,358.1792638
5,Female,2006,ATSI,394.4702223
6,Male,2006,ATSI,433.5692722
6,Female,2006,ATSI,398.9082815
7,Male,2006,ATSI,422.9072008
7,Female,2006,ATSI,403.4008189
8,Male,2006,ATSI,413.8685019
8,Female,2006,ATSI,380.8131791
9,Male,2006,ATSI,376.8770243
9,Female,2006,ATSI,378.3540638
10,Male,2006,ATSI,386.6746128
10,Female,2006,ATSI,387.1964484
11,Male,2006,ATSI,412.1487953
11,Female,2006,ATSI,399.4203225
12,Male,2006,ATSI,380.8854354
12,Female,2006,ATSI,378.1011423
13,Male,2006,ATSI,392.9476567
13,Female,2006,ATSI,405.1725397
14,Male,2006,ATSI,384.9772527
14,Female,2006,ATSI,382.6796251
15,Male,2006,ATSI,421.2423701
15,Female,2006,ATSI,381.7463743
16,Male,2006,ATSI,353.1138708
16,Female,2006,ATSI,366.4815539
17,Male,2006,ATSI,334.9990468
17,Female,2006,ATSI,344.8612995
0,Male,2007,ATSI,367.2444281
0,Female,2007,ATSI,347.8073727
1,Male,2007,ATSI,386.0869683
1,Female,2007,ATSI,367.8674629
2,Male,2007,ATSI,365.9299904
2,Female,2007,ATSI,354.5167497
3,Male,2007,ATSI,396.4282739
3,Female,2007,ATSI,388.4292143
4,Male,2007,ATSI,398.0605887
4,Female,2007,ATSI,366.6998133
5,Male,2007,ATSI,358.1792638
5,Female,2007,ATSI,394.4702223
6,Male,2007,ATSI,433.5692722
6,Female,2007,ATSI,398.9082815
7,Male,2007,ATSI,422.9072008
7,Female,2007,ATSI,403.4008189
8,Male,2007,ATSI,413.8685019
8,Female,2007,ATSI,380.8131791
9,Male,2007,ATSI,376.8770243
9,Female,2007,ATSI,378.3540638
10,Male,2007,ATSI,386.6746128
10,Female,2007,ATSI,387.1964484
11,Male,2007,ATSI,412.1487953
11,Female,2007,ATSI,399.4203225
12,Male,2007,ATSI,380.8854354
12,Female,2007,ATSI,378.1011423
13,Male,2007,ATSI,392.9476567
13,Female,2007,ATSI,405.1725397
14,Male,2007,ATSI,384.9772527
14,Female,2007,ATSI,382.6796251
15,Male,2007,ATSI,421.2423701
15,Female,2007,ATSI,381.7463743
16,Male,2007,ATSI,353.1138708
16,Female,2007,ATSI,366.4815539
17,Male,2007,ATSI,334.9990468
17,Female,2007,ATSI,344.8612995
0,Male,2008,ATSI,367.2444281
0,Female,2008,ATSI,347.8073727
1,Male,2008,ATSI,386.0869683
1,Female,2008,ATSI,367.8674629
2,Male,2008,ATSI,365.9299904
2,Female,2008,ATSI,354.5167497
3,Male,2008,ATSI,396.4282739
3,Female,2008,ATSI,388.4292143
4,Male,2008,ATSI,398.0605887
4,Female,2008,ATSI,366.6998133
5,Male,2008,ATSI,358.1792638
5,Female,2008,ATSI,394.4702223
6,Male,2008,ATSI,433.5692722
6,Female,2008,ATSI,398.9082815
7,Male,2008,ATSI,422.9072008
7,Female,2008,ATSI,403.4008189
8,Male,2008,ATSI,413.8685019
8,Female,2008,ATSI,380.8131791
9,Male,2008,ATSI,376.8770243
9,Female,2008,ATSI,378.3540638
10,Male,2008,ATSI,386.6746128
10,Female,2008,ATSI,387.1964484
11,Male,2008,ATSI,412.1487953
11,Female,2008,ATSI,399.4203225
12,Male,2008,ATSI,380.8854354
12,Female,2008,ATSI,378.1011423
13,Male,2008,ATSI,392.9476567
13,Female,2008,ATSI,405.1725397
14,Male,2008,ATSI,384.9772527
14,Female,2008,ATSI,382.6796251
15,Male,2008,ATSI,421.2423701
15,Female,2008,ATSI,381.7463743
16,Male,2008,ATSI,353.1138708
16,Female,2008,ATSI,366.4815539
17,Male,2008,ATSI,334.9990468
17,Female,2008,ATSI,344.8612995
0,Male,2009,ATSI,406.6492135
0,Female,2009,ATSI,423.8848305
1,Male,2009,ATSI,451.8012761
1,Female,2009,ATSI,459.4074337
2,Male,2009,ATSI,438.1331132
2,Female,2009,ATSI,427.4001975
3,Male,2009,ATSI,500.1762703
3,Female,2009,ATSI,455.9816237
4,Male,2009,ATSI,469.2086703
4,Female,2009,ATSI,402.0354424
5,Male,2009,ATSI,484.8667658
5,Female,2009,ATSI,437.5783458
6,Male,2009,ATSI,446.2558273
6,Female,2009,ATSI,413.7477349
7,Male,2009,ATSI,413.5581149
7,Female,2009,ATSI,431.3608542
8,Male,2009,ATSI,438.2789655
8,Female,2009,ATSI,397.7911223
9,Male,2009,ATSI,431.5138226
9,Female,2009,ATSI,388.0591884
10,Male,2009,ATSI,426.4548603
10,Female,2009,ATSI,418.744321
11,Male,2009,ATSI,450.3526857
11,Female,2009,ATSI,454.1405707
12,Male,2009,ATSI,434.3847502
12,Female,2009,ATSI,427.9883377
13,Male,2009,ATSI,425.4216373
13,Female,2009,ATSI,430.70729
14,Male,2009,ATSI,446.6688775
14,Female,2009,ATSI,431.0844366
15,Male,2009,ATSI,402.8399145
15,Female,2009,ATSI,402.4227656
16,Male,2009,ATSI,427.2276472
16,Female,2009,ATSI,417.8124505
17,Male,2009,ATSI,440.298406
17,Female,2009,ATSI,366.8953846
0,Male,2010,ATSI,406.6492135
0,Female,2010,ATSI,423.8848305
1,Male,2010,ATSI,451.8012761
1,Female,2010,ATSI,459.4074337
2,Male,2010,ATSI,438.1331132
2,Female,2010,ATSI,427.4001975
3,Male,2010,ATSI,500.1762703
3,Female,2010,ATSI,455.9816237
4,Male,2010,ATSI,469.2086703
4,Female,2010,ATSI,402.0354424
5,Male,2010,ATSI,484.8667658
5,Female,2010,ATSI,437.5783458
6,Male,2010,ATSI,446.2558273
6,Female,2010,ATSI,413.7477349
7,Male,2010,ATSI,413.5581149
7,Female,2010,ATSI,431.3608542
8,Male,2010,ATSI,438.2789655
8,Female,2010,ATSI,397.7911223
9,Male,2010,ATSI,431.5138226
9,Female,2010,ATSI,388.0591884
10,Male,2010,ATSI,426.4548603
10,Female,2010,ATSI,418.744321
11,Male,2010,ATSI,450.3526857
11,Female,2010,ATSI,454.1405707
12,Male,2010,ATSI,434.3847502
12,Female,2010,ATSI,427.9883377
13,Male,2010,ATSI,425.4216373
13,Female,2010,ATSI,430.70729
14,Male,2010,ATSI,446.6688775
14,Female,2010,ATSI,431.0844366
15,Male,2010,ATSI,402.8399145
15,Female,2010,ATSI,402.4227656
16,Male,2010,ATSI,427.2276472
16,Female,2010,ATSI,417.8124505
17,Male,2010,ATSI,440.298406
17,Female,2010,ATSI,366.8953846
0,Male,2011,ATSI,406.6492135
0,Female,2011,ATSI,423.8848305
1,Male,2011,ATSI,451.8012761
1,Female,2011,ATSI,459.4074337
2,Male,2011,ATSI,438.1331132
2,Female,2011,ATSI,427.4001975
3,Male,2011,ATSI,500.1762703
3,Female,2011,ATSI,455.9816237
4,Male,2011,ATSI,469.2086703
4,Female,2011,ATSI,402.0354424
5,Male,2011,ATSI,484.8667658
5,Female,2011,ATSI,437.5783458
6,Male,2011,ATSI,446.2558273
6,Female,2011,ATSI,413.7477349
7,Male,2011,ATSI,413.5581149
7,Female,2011,ATSI,431.3608542
8,Male,2011,ATSI,438.2789655
8,Female,2011,ATSI,397.7911223
9,Male,2011,ATSI,431.5138226
9,Female,2011,ATSI,388.0591884
10,Male,2011,ATSI,426.4548603
10,Female,2011,ATSI,418.744321
11,Male,2011,ATSI,450.3526857
11,Female,2011,ATSI,454.1405707
12,Male,2011,ATSI,434.3847502
12,Female,2011,ATSI,427.9883377
13,Male,2011,ATSI,425.4216373
13,Female,2011,ATSI,430.70729
14,Male,2011,ATSI,446.6688775
14,Female,2011,ATSI,431.0844366
15,Male,2011,ATSI,402.8399145
15,Female,2011,ATSI,402.4227656
16,Male,2011,ATSI,427.2276472
16,Female,2011,ATSI,417.8124505
17,Male,2011,ATSI,440.298406
17,Female,2011,ATSI,366.8953846
0,Male,2012,ATSI,406.6492135
0,Female,2012,ATSI,423.8848305
1,Male,2012,ATSI,451.8012761
1,Female,2012,ATSI,459.4074337
2,Male,2012,ATSI,438.1331132
2,Female,2012,ATSI,427.4001975
3,Male,2012,ATSI,500.1762703
3,Female,2012,ATSI,455.9816237
4,Male,2012,ATSI,469.2086703
4,Female,2012,ATSI,402.0354424
5,Male,2012,ATSI,484.8667658
5,Female,2012,ATSI,437.5783458
6,Male,2012,ATSI,446.2558273
6,Female,2012,ATSI,413.7477349
7,Male,2012,ATSI,413.5581149
7,Female,2012,ATSI,431.3608542
8,Male,2012,ATSI,438.2789655
8,Female,2012,ATSI,397.7911223
9,Male,2012,ATSI,431.5138226
9,Female,2012,ATSI,388.0591884
10,Male,2012,ATSI,426.4548603
10,Female,2012,ATSI,418.744321
11,Male,2012,ATSI,450.3526857
11,Female,2012,ATSI,454.1405707
12,Male,2012,ATSI,434.3847502
12,Female,2012,ATSI,427.9883377
13,Male,2012,ATSI,425.4216373
13,Female,2012,ATSI,430.70729
14,Male,2012,ATSI,446.6688775
14,Female,2012,ATSI,431.0844366
15,Male,2012,ATSI,402.8399145
15,Female,2012,ATSI,402.4227656
16,Male,2012,ATSI,427.2276472
16,Female,2012,ATSI,417.8124505
17,Male,2012,ATSI,440.298406
17,Female,2012,ATSI,366.8953846
0,Male,2013,ATSI,406.6492135
0,Female,2013,ATSI,423.8848305
1,Male,2013,ATSI,451.8012761
1,Female,2013,ATSI,459.4074337
2,Male,2013,ATSI,438.1331132
2,Female,2013,ATSI,427.4001975
3,Male,2013,ATSI,500.1762703
3,Female,2013,ATSI,455.9816237
4,Male,2013,ATSI,469.2086703
4,Female,2013,ATSI,402.0354424
5,Male,2013,ATSI,484.8667658
5,Female,2013,ATSI,437.5783458
6,Male,2013,ATSI,446.2558273
6,Female,2013,ATSI,413.7477349
7,Male,2013,ATSI,413.5581149
7,Female,2013,ATSI,431.3608542
8,Male,2013,ATSI,438.2789655
8,Female,2013,ATSI,397.7911223
9,Male,2013,ATSI,431.5138226
9,Female,2013,ATSI,388.0591884
10,Male,2013,ATSI,426.4548603
10,Female,2013,ATSI,418.744321
11,Male,2013,ATSI,450.3526857
11,Female,2013,ATSI,454.1405707
12,Male,2013,ATSI,434.3847502
12,Female,2013,ATSI,427.9883377
13,Male,2013,ATSI,425.4216373
13,Female,2013,ATSI,430.70729
14,Male,2013,ATSI,446.6688775
14,Female,2013,ATSI,431.0844366
15,Male,2013,ATSI,402.8399145
15,Female,2013,ATSI,402.4227656
16,Male,2013,ATSI,427.2276472
16,Female,2013,ATSI,417.8124505
17,Male,2013,ATSI,440.298406
17,Female,2013,ATSI,366.8953846
0,Male,2014,ATSI,430.8515721
0,Female,2014,ATSI,428.1787075
1,Male,2014,ATSI,549.1519693
1,Female,2014,ATSI,428.3468864
2,Male,2014,ATSI,502.7947255
2,Female,2014,ATSI,453.9430172
3,Male,2014,ATSI,511.3311078
3,Female,2014,ATSI,508.3726284
4,Male,2014,ATSI,511.4795429
4,Female,2014,ATSI,465.2147232
5,Male,2014,ATSI,512.4020032
5,Female,2014,ATSI,514.1215356
6,Male,2014,ATSI,521.1491554
6,Female,2014,ATSI,527.7307742
7,Male,2014,ATSI,487.2058675
7,Female,2014,ATSI,499.7372153
8,Male,2014,ATSI,539.0671181
8,Female,2014,ATSI,481.9985382
9,Male,2014,ATSI,504.4491173
9,Female,2014,ATSI,458.7166095
10,Male,2014,ATSI,526.4899951
10,Female,2014,ATSI,476.3910799
11,Male,2014,ATSI,439.4764867
11,Female,2014,ATSI,463.8638878
12,Male,2014,ATSI,440.5267847
12,Female,2014,ATSI,461.5821383
13,Male,2014,ATSI,452.9438469
13,Female,2014,ATSI,428.2932706
14,Male,2014,ATSI,475.5483126
14,Female,2014,ATSI,451.0090696
15,Male,2014,ATSI,446.7239168
15,Female,2014,ATSI,423.964082
16,Male,2014,ATSI,533.7686663
16,Female,2014,ATSI,480.7530233
17,Male,2014,ATSI,478.177058
17,Female,2014,ATSI,458.6060916
0,Male,2015,ATSI,430.8515721
0,Female,2015,ATSI,428.1787075
1,Male,2015,ATSI,549.1519693
1,Female,2015,ATSI,428.3468864
2,Male,2015,ATSI,502.7947255
2,Female,2015,ATSI,453.9430172
3,Male,2015,ATSI,511.3311078
3,Female,2015,ATSI,508.3726284
4,Male,2015,ATSI,511.4795429
4,Female,2015,ATSI,465.2147232
5,Male,2015,ATSI,512.4020032
5,Female,2015,ATSI,514.1215356
6,Male,2015,ATSI,521.1491554
6,Female,2015,ATSI,527.7307742
7,Male,2015,ATSI,487.2058675
7,Female,2015,ATSI,499.7372153
8,Male,2015,ATSI,539.0671181
8,Female,2015,ATSI,481.9985382
9,Male,2015,ATSI,504.4491173
9,Female,2015,ATSI,458.7166095
10,Male,2015,ATSI,526.4899951
10,Female,2015,ATSI,476.3910799
11,Male,2015,ATSI,439.4764867
11,Female,2015,ATSI,463.8638878
12,Male,2015,ATSI,440.5267847
12,Female,2015,ATSI,461.5821383
13,Male,2015,ATSI,452.9438469
13,Female,2015,ATSI,428.2932706
14,Male,2015,ATSI,475.5483126
14,Female,2015,ATSI,451.0090696
15,Male,2015,ATSI,446.7239168
15,Female,2015,ATSI,423.964082
16,Male,2015,ATSI,533.7686663
16,Female,2015,ATSI,480.7530233
17,Male,2015,ATSI,478.177058
17,Female,2015,ATSI,458.6060916
0,Male,2016,ATSI,430.8515721
0,Female,2016,ATSI,428.1787075
1,Male,2016,ATSI,549.1519693
1,Female,2016,ATSI,428.3468864
2,Male,2016,ATSI,502.7947255
2,Female,2016,ATSI,453.9430172
3,Male,2016,ATSI,511.3311078
3,Female,2016,ATSI,508.3726284
4,Male,2016,ATSI,511.4795429
4,Female,2016,ATSI,465.2147232
5,Male,2016,ATSI,512.4020032
5,Female,2016,ATSI,514.1215356
6,Male,2016,ATSI,521.1491554
6,Female,2016,ATSI,527.7307742
7,Male,2016,ATSI,487.2058675
7,Female,2016,ATSI,499.7372153
8,Male,2016,ATSI,539.0671181
8,Female,2016,ATSI,481.9985382
9,Male,2016,ATSI,504.4491173
9,Female,2016,ATSI,458.7166095
10,Male,2016,ATSI,526.4899951
10,Female,2016,ATSI,476.3910799
11,Male,2016,ATSI,439.4764867
11,Female,2016,ATSI,463.8638878
12,Male,2016,ATSI,440.5267847
12,Female,2016,ATSI,461.5821383
13,Male,2016,ATSI,452.9438469
13,Female,2016,ATSI,428.2932706
14,Male,2016,ATSI,475.5483126
14,Female,2016,ATSI,451.0090696
15,Male,2016,ATSI,446.7239168
15,Female,2016,ATSI,423.964082
16,Male,2016,ATSI,533.7686663
16,Female,2016,ATSI,480.7530233
17,Male,2016,ATSI,478.177058
17,Female,2016,ATSI,458.6060916
0,Male,2017,ATSI,430.8515721
0,Female,2017,ATSI,428.1787075
1,Male,2017,ATSI,549.1519693
1,Female,2017,ATSI,428.3468864
2,Male,2017,ATSI,502.7947255
2,Female,2017,ATSI,453.9430172
3,Male,2017,ATSI,511.3311078
3,Female,2017,ATSI,508.3726284
4,Male,2017,ATSI,511.4795429
4,Female,2017,ATSI,465.2147232
5,Male,2017,ATSI,512.4020032
5,Female,2017,ATSI,514.1215356
6,Male,2017,ATSI,521.1491554
6,Female,2017,ATSI,527.7307742
7,Male,2017,ATSI,487.2058675
7,Female,2017,ATSI,499.7372153
8,Male,2017,ATSI,539.0671181
8,Female,2017,ATSI,481.9985382
9,Male,2017,ATSI,504.4491173
9,Female,2017,ATSI,458.7166095
10,Male,2017,ATSI,526.4899951
10,Female,2017,ATSI,476.3910799
11,Male,2017,ATSI,439.4764867
11,Female,2017,ATSI,463.8638878
12,Male,2017,ATSI,440.5267847
12,Female,2017,ATSI,461.5821383
13,Male,2017,ATSI,452.9438469
13,Female,2017,ATSI,428.2932706
14,Male,2017,ATSI,475.5483126
14,Female,2017,ATSI,451.0090696
15,Male,2017,ATSI,446.7239168
15,Female,2017,ATSI,423.964082
16,Male,2017,ATSI,533.7686663
16,Female,2017,ATSI,480.7530233
17,Male,2017,ATSI,478.177058
17,Female,2017,ATSI,458.6060916
0,Male,2018,ATSI,430.8515721
0,Female,2018,ATSI,428.1787075
1,Male,2018,ATSI,549.1519693
1,Female,2018,ATSI,428.3468864
2,Male,2018,ATSI,502.7947255
2,Female,2018,ATSI,453.9430172
3,Male,2018,ATSI,511.3311078
3,Female,2018,ATSI,508.3726284
4,Male,2018,ATSI,511.4795429
4,Female,2018,ATSI,465.2147232
5,Male,2018,ATSI,512.4020032
5,Female,2018,ATSI,514.1215356
6,Male,2018,ATSI,521.1491554
6,Female,2018,ATSI,527.7307742
7,Male,2018,ATSI,487.2058675
7,Female,2018,ATSI,499.7372153
8,Male,2018,ATSI,539.0671181
8,Female,2018,ATSI,481.9985382
9,Male,2018,ATSI,504.4491173
9,Female,2018,ATSI,458.7166095
10,Male,2018,ATSI,526.4899951
10,Female,2018,ATSI,476.3910799
11,Male,2018,ATSI,439.4764867
11,Female,2018,ATSI,463.8638878
12,Male,2018,ATSI,440.5267847
12,Female,2018,ATSI,461.5821383
13,Male,2018,ATSI,452.9438469
13,Female,2018,ATSI,428.2932706
14,Male,2018,ATSI,475.5483126
14,Female,2018,ATSI,451.0090696
15,Male,2018,ATSI,446.7239168
15,Female,2018,ATSI,423.964082
16,Male,2018,ATSI,533.7686663
16,Female,2018,ATSI,480.7530233
17,Male,2018,ATSI,478.177058
17,Female,2018,ATSI,458.6060916
0,Male,2019,ATSI,430.8515721
0,Female,2019,ATSI,428.1787075
1,Male,2019,ATSI,549.1519693
1,Female,2019,ATSI,428.3468864
2,Male,2019,ATSI,502.7947255
2,Female,2019,ATSI,453.9430172
3,Male,2019,ATSI,511.3311078
3,Female,2019,ATSI,508.3726284
4,Male,2019,ATSI,511.4795429
4,Female,2019,ATSI,465.2147232
5,Male,2019,ATSI,512.4020032
5,Female,2019,ATSI,514.1215356
6,Male,2019,ATSI,521.1491554
6,Female,2019,ATSI,527.7307742
7,Male,2019,ATSI,487.2058675
7,Female,2019,ATSI,499.7372153
8,Male,2019,ATSI,539.0671181
8,Female,2019,ATSI,481.9985382
9,Male,2019,ATSI,504.4491173
9,Female,2019,ATSI,458.7166095
10,Male,2019,ATSI,526.4899951
10,Female,2019,ATSI,476.3910799
11,Male,2019,ATSI,439.4764867
11,Female,2019,ATSI,463.8638878
12,Male,2019,ATSI,440.5267847
12,Female,2019,ATSI,461.5821383
13,Male,2019,ATSI,452.9438469
13,Female,2019,ATSI,428.2932706
14,Male,2019,ATSI,475.5483126
14,Female,2019,ATSI,451.0090696
15,Male,2019,ATSI,446.7239168
15,Female,2019,ATSI,423.964082
16,Male,2019,ATSI,533.7686663
16,Female,2019,ATSI,480.7530233
17,Male,2019,ATSI,478.177058
17,Female,2019,ATSI,458.6060916
0,Male,2020,ATSI,430.8515721
0,Female,2020,ATSI,428.1787075
1,Male,2020,ATSI,549.1519693
1,Female,2020,ATSI,428.3468864
2,Male,2020,ATSI,502.7947255
2,Female,2020,ATSI,453.9430172
3,Male,2020,ATSI,511.3311078
3,Female,2020,ATSI,508.3726284
4,Male,2020,ATSI,511.4795429
4,Female,2020,ATSI,465.2147232
5,Male,2020,ATSI,512.4020032
5,Female,2020,ATSI,514.1215356
6,Male,2020,ATSI,521.1491554
6,Female,2020,ATSI,527.7307742
7,Male,2020,ATSI,487.2058675
7,Female,2020,ATSI,499.7372153
8,Male,2020,ATSI,539.0671181
8,Female,2020,ATSI,481.9985382
9,Male,2020,ATSI,504.4491173
9,Female,2020,ATSI,458.7166095
10,Male,2020,ATSI,526.4899951
10,Female,2020,ATSI,476.3910799
11,Male,2020,ATSI,439.4764867
11,Female,2020,ATSI,463.8638878
12,Male,2020,ATSI,440.5267847
12,Female,2020,ATSI,461.5821383
13,Male,2020,ATSI,452.9438469
13,Female,2020,ATSI,428.2932706
14,Male,2020,ATSI,475.5483126
14,Female,2020,ATSI,451.0090696
15,Male,2020,ATSI,446.7239168
15,Female,2020,ATSI,423.964082
16,Male,2020,ATSI,533.7686663
16,Female,2020,ATSI,480.7530233
17,Male,2020,ATSI,478.177058
17,Female,2020,ATSI,458.6060916
0,Male,2005,Other,8742.162155
0,Female,2005,Other,8177.482168
1,Male,2005,Other,8561.406783
1,Female,2005,Other,8146.496136
2,Male,2005,Other,8798.562092
2,Female,2005,Other,8150.714382
3,Male,2005,Other,8623.059869
3,Female,2005,Other,8293.026224
4,Male,2005,Other,8784.543205
4,Female,2005,Other,8379.706064
5,Male,2005,Other,8817.160044
5,Female,2005,Other,8674.975881
6,Male,2005,Other,9348.742897
6,Female,2005,Other,8669.223743
7,Male,2005,Other,9363.76344
7,Female,2005,Other,8999.197663
8,Male,2005,Other,9333.181956
8,Female,2005,Other,8939.826466
9,Male,2005,Other,9520.19013
9,Female,2005,Other,9100.73788
10,Male,2005,Other,9858.76057
10,Female,2005,Other,9263.179868
11,Male,2005,Other,10100.67444
11,Female,2005,Other,9389.595999
12,Male,2005,Other,9726.919637
12,Female,2005,Other,9417.622291
13,Male,2005,Other,10066.59678
13,Female,2005,Other,9499.351374
14,Male,2005,Other,10154.746
14,Female,2005,Other,9625.881807
15,Male,2005,Other,10261.89935
15,Female,2005,Other,9468.835649
16,Male,2005,Other,10227.85263
16,Female,2005,Other,9695.834769
17,Male,2005,Other,10462.28099
17,Female,2005,Other,9415.486141
0,Male,2006,Other,8742.162155
0,Female,2006,Other,8177.482168
1,Male,2006,Other,8561.406783
1,Female,2006,Other,8146.496136
2,Male,2006,Other,8798.562092
2,Female,2006,Other,8150.714382
3,Male,2006,Other,8623.059869
3,Female,2006,Other,8293.026224
4,Male,2006,Other,8784.543205
4,Female,2006,Other,8379.706064
5,Male,2006,Other,8817.160044
5,Female,2006,Other,8674.975881
6,Male,2006,Other,9348.742897
6,Female,2006,Other,8669.223743
7,Male,2006,Other,9363.76344
7,Female,2006,Other,8999.197663
8,Male,2006,Other,9333.181956
8,Female,2006,Other,8939.826466
9,Male,2006,Other,9520.19013
9,Female,2006,Other,9100.73788
10,Male,2006,Other,9858.76057
10,Female,2006,Other,9263.179868
11,Male,2006,Other,10100.67444
11,Female,2006,Other,9389.595999
12,Male,2006,Other,9726.919637
12,Female,2006,Other,9417.622291
13,Male,2006,Other,10066.59678
13,Female,2006,Other,9499.351374
14,Male,2006,Other,10154.746
14,Female,2006,Other,9625.881807
15,Male,2006,Other,10261.89935
15,Female,2006,Other,9468.835649
16,Male,2006,Other,10227.85263
16,Female,2006,Other,9695.834769
17,Male,2006,Other,10462.28099
17,Female,2006,Other,9415.486141
0,Male,2007,Other,8742.162155
0,Female,2007,Other,8177.482168
1,Male,2007,Other,8561.406783
1,Female,2007,Other,8146.496136
2,Male,2007,Other,8798.562092
2,Female,2007,Other,8150.714382
3,Male,2007,Other,8623.059869
3,Female,2007,Other,8293.026224
4,Male,2007,Other,8784.543205
4,Female,2007,Other,8379.706064
5,Male,2007,Other,8817.160044
5,Female,2007,Other,8674.975881
6,Male,2007,Other,9348.742897
6,Female,2007,Other,8669.223743
7,Male,2007,Other,9363.76344
7,Female,2007,Other,8999.197663
8,Male,2007,Other,9333.181956
8,Female,2007,Other,8939.826466
9,Male,2007,Other,9520.19013
9,Female,2007,Other,9100.73788
10,Male,2007,Other,9858.76057
10,Female,2007,Other,9263.179868
11,Male,2007,Other,10100.67444
11,Female,2007,Other,9389.595999
12,Male,2007,Other,9726.919637
12,Female,2007,Other,9417.622291
13,Male,2007,Other,10066.59678
13,Female,2007,Other,9499.351374
14,Male,2007,Other,10154.746
14,Female,2007,Other,9625.881807
15,Male,2007,Other,10261.89935
15,Female,2007,Other,9468.835649
16,Male,2007,Other,10227.85263
16,Female,2007,Other,9695.834769
17,Male,2007,Other,10462.28099
17,Female,2007,Other,9415.486141
0,Male,2008,Other,8742.162155
0,Female,2008,Other,8177.482168
1,Male,2008,Other,8561.406783
1,Female,2008,Other,8146.496136
2,Male,2008,Other,8798.562092
2,Female,2008,Other,8150.714382
3,Male,2008,Other,8623.059869
3,Female,2008,Other,8293.026224
4,Male,2008,Other,8784.543205
4,Female,2008,Other,8379.706064
5,Male,2008,Other,8817.160044
5,Female,2008,Other,8674.975881
6,Male,2008,Other,9348.742897
6,Female,2008,Other,8669.223743
7,Male,2008,Other,9363.76344
7,Female,2008,Other,8999.197663
8,Male,2008,Other,9333.181956
8,Female,2008,Other,8939.826466
9,Male,2008,Other,9520.19013
9,Female,2008,Other,9100.73788
10,Male,2008,Other,9858.76057
10,Female,2008,Other,9263.179868
11,Male,2008,Other,10100.67444
11,Female,2008,Other,9389.595999
12,Male,2008,Other,9726.919637
12,Female,2008,Other,9417.622291
13,Male,2008,Other,10066.59678
13,Female,2008,Other,9499.351374
14,Male,2008,Other,10154.746
14,Female,2008,Other,9625.881807
15,Male,2008,Other,10261.89935
15,Female,2008,Other,9468.835649
16,Male,2008,Other,10227.85263
16,Female,2008,Other,9695.834769
17,Male,2008,Other,10462.28099
17,Female,2008,Other,9415.486141
0,Male,2009,Other,9243.764204
0,Female,2009,Other,8812.031914
1,Male,2009,Other,9523.375029
1,Female,2009,Other,8948.965099
2,Male,2009,Other,9546.961704
2,Female,2009,Other,9090.553764
3,Male,2009,Other,9575.080347
3,Female,2009,Other,9180.057559
4,Male,2009,Other,9595.1559
4,Female,2009,Other,9404.481501
5,Male,2009,Other,9540.737748
5,Female,2009,Other,8882.922568
6,Male,2009,Other,9107.832511
6,Female,2009,Other,8863.806172
7,Male,2009,Other,9369.634622
7,Female,2009,Other,8566.466543
8,Male,2009,Other,9044.186068
8,Female,2009,Other,8721.436143
9,Male,2009,Other,9235.870944
9,Female,2009,Other,8735.672529
10,Male,2009,Other,9275.321614
10,Female,2009,Other,8900.811295
11,Male,2009,Other,9703.540622
11,Female,2009,Other,9064.994247
12,Male,2009,Other,9773.299567
12,Female,2009,Other,9390.644229
13,Male,2009,Other,9779.850657
13,Female,2009,Other,9314.964713
14,Male,2009,Other,9800.139671
14,Female,2009,Other,9455.389506
15,Male,2009,Other,10227.14837
15,Female,2009,Other,9566.009127
16,Male,2009,Other,10573.52462
16,Female,2009,Other,9719.915466
17,Male,2009,Other,10177.47331
17,Female,2009,Other,9768.873178
0,Male,2010,Other,9243.764204
0,Female,2010,Other,8812.031914
1,Male,2010,Other,9523.375029
1,Female,2010,Other,8948.965099
2,Male,2010,Other,9546.961704
2,Female,2010,Other,9090.553764
3,Male,2010,Other,9575.080347
3,Female,2010,Other,9180.057559
4,Male,2010,Other,9595.1559
4,Female,2010,Other,9404.481501
5,Male,2010,Other,9540.737748
5,Female,2010,Other,8882.922568
6,Male,2010,Other,9107.832511
6,Female,2010,Other,8863.806172
7,Male,2010,Other,9369.634622
7,Female,2010,Other,8566.466543
8,Male,2010,Other,9044.186068
8,Female,2010,Other,8721.436143
9,Male,2010,Other,9235.870944
9,Female,2010,Other,8735.672529
10,Male,2010,Other,9275.321614
10,Female,2010,Other,8900.811295
11,Male,2010,Other,9703.540622
11,Female,2010,Other,9064.994247
12,Male,2010,Other,9773.299567
12,Female,2010,Other,9390.644229
13,Male,2010,Other,9779.850657
13,Female,2010,Other,9314.964713
14,Male,2010,Other,9800.139671
14,Female,2010,Other,9455.389506
15,Male,2010,Other,10227.14837
15,Female,2010,Other,9566.009127
16,Male,2010,Other,10573.52462
16,Female,2010,Other,9719.915466
17,Male,2010,Other,10177.47331
17,Female,2010,Other,9768.873178
0,Male,2011,Other,9243.764204
0,Female,2011,Other,8812.031914
1,Male,2011,Other,9523.375029
1,Female,2011,Other,8948.965099
2,Male,2011,Other,9546.961704
2,Female,2011,Other,9090.553764
3,Male,2011,Other,9575.080347
3,Female,2011,Other,9180.057559
4,Male,2011,Other,9595.1559
4,Female,2011,Other,9404.481501
5,Male,2011,Other,9540.737748
5,Female,2011,Other,8882.922568
6,Male,2011,Other,9107.832511
6,Female,2011,Other,8863.806172
7,Male,2011,Other,9369.634622
7,Female,2011,Other,8566.466543
8,Male,2011,Other,9044.186068
8,Female,2011,Other,8721.436143
9,Male,2011,Other,9235.870944
9,Female,2011,Other,8735.672529
10,Male,2011,Other,9275.321614
10,Female,2011,Other,8900.811295
11,Male,2011,Other,9703.540622
11,Female,2011,Other,9064.994247
12,Male,2011,Other,9773.299567
12,Female,2011,Other,9390.644229
13,Male,2011,Other,9779.850657
13,Female,2011,Other,9314.964713
14,Male,2011,Other,9800.139671
14,Female,2011,Other,9455.389506
15,Male,2011,Other,10227.14837
15,Female,2011,Other,9566.009127
16,Male,2011,Other,10573.52462
16,Female,2011,Other,9719.915466
17,Male,2011,Other,10177.47331
17,Female,2011,Other,9768.873178
0,Male,2012,Other,9243.764204
0,Female,2012,Other,8812.031914
1,Male,2012,Other,9523.375029
1,Female,2012,Other,8948.965099
2,Male,2012,Other,9546.961704
2,Female,2012,Other,9090.553764
3,Male,2012,Other,9575.080347
3,Female,2012,Other,9180.057559
4,Male,2012,Other,9595.1559
4,Female,2012,Other,9404.481501
5,Male,2012,Other,9540.737748
5,Female,2012,Other,8882.922568
6,Male,2012,Other,9107.832511
6,Female,2012,Other,8863.806172
7,Male,2012,Other,9369.634622
7,Female,2012,Other,8566.466543
8,Male,2012,Other,9044.186068
8,Female,2012,Other,8721.436143
9,Male,2012,Other,9235.870944
9,Female,2012,Other,8735.672529
10,Male,2012,Other,9275.321614
10,Female,2012,Other,8900.811295
11,Male,2012,Other,9703.540622
11,Female,2012,Other,9064.994247
12,Male,2012,Other,9773.299567
12,Female,2012,Other,9390.644229
13,Male,2012,Other,9779.850657
13,Female,2012,Other,9314.964713
14,Male,2012,Other,9800.139671
14,Female,2012,Other,9455.389506
15,Male,2012,Other,10227.14837
15,Female,2012,Other,9566.009127
16,Male,2012,Other,10573.52462
16,Female,2012,Other,9719.915466
17,Male,2012,Other,10177.47331
17,Female,2012,Other,9768.873178
0,Male,2013,Other,9243.764204
0,Female,2013,Other,8812.031914
1,Male,2013,Other,9523.375029
1,Female,2013,Other,8948.965099
2,Male,2013,Other,9546.961704
2,Female,2013,Other,9090.553764
3,Male,2013,Other,9575.080347
3,Female,2013,Other,9180.057559
4,Male,2013,Other,9595.1559
4,Female,2013,Other,9404.481501
5,Male,2013,Other,9540.737748
5,Female,2013,Other,8882.922568
6,Male,2013,Other,9107.832511
6,Female,2013,Other,8863.806172
7,Male,2013,Other,9369.634622
7,Female,2013,Other,8566.466543
8,Male,2013,Other,9044.186068
8,Female,2013,Other,8721.436143
9,Male,2013,Other,9235.870944
9,Female,2013,Other,8735.672529
10,Male,2013,Other,9275.321614
10,Female,2013,Other,8900.811295
11,Male,2013,Other,9703.540622
11,Female,2013,Other,9064.994247
12,Male,2013,Other,9773.299567
12,Female,2013,Other,9390.644229
13,Male,2013,Other,9779.850657
13,Female,2013,Other,9314.964713
14,Male,2013,Other,9800.139671
14,Female,2013,Other,9455.389506
15,Male,2013,Other,10227.14837
15,Female,2013,Other,9566.009127
16,Male,2013,Other,10573.52462
16,Female,2013,Other,9719.915466
17,Male,2013,Other,10177.47331
17,Female,2013,Other,9768.873178
0,Male,2014,Other,9174.386108
0,Female,2014,Other,8767.064172
1,Male,2014,Other,9707.633401
1,Female,2014,Other,9266.053262
2,Male,2014,Other,9931.310398
2,Female,2014,Other,9409.956116
3,Male,2014,Other,10128.84248
3,Female,2014,Other,9449.041921
4,Male,2014,Other,10284.11606
4,Female,2014,Other,9706.015363
5,Male,2014,Other,9991.055443
5,Female,2014,Other,9460.614435
6,Male,2014,Other,10346.89546
6,Female,2014,Other,9527.244234
7,Male,2014,Other,10191.57355
7,Female,2014,Other,9664.278746
8,Male,2014,Other,10134.04833
8,Female,2014,Other,9800.816993
9,Male,2014,Other,10088.38947
9,Female,2014,Other,9905.024891
10,Male,2014,Other,9907.023464
10,Female,2014,Other,9327.040813
11,Male,2014,Other,9689.846669
11,Female,2014,Other,9145.25554
12,Male,2014,Other,9722.914188
12,Female,2014,Other,9111.178005
13,Male,2014,Other,9527.099319
13,Female,2014,Other,9073.649972
14,Male,2014,Other,9677.665356
14,Female,2014,Other,9114.0034
15,Male,2014,Other,9767.037593
15,Female,2014,Other,9445.766795
16,Male,2014,Other,10179.72414
16,Female,2014,Other,9561.05878
17,Male,2014,Other,10350.54262
17,Female,2014,Other,9813.525627
0,Male,2015,Other,9174.386108
0,Female,2015,Other,8767.064172
1,Male,2015,Other,9707.633401
1,Female,2015,Other,9266.053262
2,Male,2015,Other,9931.310398
2,Female,2015,Other,9409.956116
3,Male,2015,Other,10128.84248
3,Female,2015,Other,9449.041921
4,Male,2015,Other,10284.11606
4,Female,2015,Other,9706.015363
5,Male,2015,Other,9991.055443
5,Female,2015,Other,9460.614435
6,Male,2015,Other,10346.89546
6,Female,2015,Other,9527.244234
7,Male,2015,Other,10191.57355
7,Female,2015,Other,9664.278746
8,Male,2015,Other,10134.04833
8,Female,2015,Other,9800.816993
9,Male,2015,Other,10088.38947
9,Female,2015,Other,9905.024891
10,Male,2015,Other,9907.023464
10,Female,2015,Other,9327.040813
11,Male,2015,Other,9689.846669
11,Female,2015,Other,9145.25554
12,Male,2015,Other,9722.914188
12,Female,2015,Other,9111.178005
13,Male,2015,Other,9527.099319
13,Female,2015,Other,9073.649972
14,Male,2015,Other,9677.665356
14,Female,2015,Other,9114.0034
15,Male,2015,Other,9767.037593
15,Female,2015,Other,9445.766795
16,Male,2015,Other,10179.72414
16,Female,2015,Other,9561.05878
17,Male,2015,Other,10350.54262
17,Female,2015,Other,9813.525627
0,Male,2016,Other,9174.386108
0,Female,2016,Other,8767.064172
1,Male,2016,Other,9707.633401
1,Female,2016,Other,9266.053262
2,Male,2016,Other,9931.310398
2,Female,2016,Other,9409.956116
3,Male,2016,Other,10128.84248
3,Female,2016,Other,9449.041921
4,Male,2016,Other,10284.11606
4,Female,2016,Other,9706.015363
5,Male,2016,Other,9991.055443
5,Female,2016,Other,9460.614435
6,Male,2016,Other,10346.89546
6,Female,2016,Other,9527.244234
7,Male,2016,Other,10191.57355
7,Female,2016,Other,9664.278746
8,Male,2016,Other,10134.04833
8,Female,2016,Other,9800.816993
9,Male,2016,Other,10088.38947
9,Female,2016,Other,9905.024891
10,Male,2016,Other,9907.023464
10,Female,2016,Other,9327.040813
11,Male,2016,Other,9689.846669
11,Female,2016,Other,9145.25554
12,Male,2016,Other,9722.914188
12,Female,2016,Other,9111.178005
13,Male,2016,Other,9527.099319
13,Female,2016,Other,9073.649972
14,Male,2016,Other,9677.665356
14,Female,2016,Other,9114.0034
15,Male,2016,Other,9767.037593
15,Female,2016,Other,9445.766795
16,Male,2016,Other,10179.72414
16,Female,2016,Other,9561.05878
17,Male,2016,Other,10350.54262
17,Female,2016,Other,9813.525627
0,Male,2017,Other,9174.386108
0,Female,2017,Other,8767.064172
1,Male,2017,Other,9707.633401
1,Female,2017,Other,9266.053262
2,Male,2017,Other,9931.310398
2,Female,2017,Other,9409.956116
3,Male,2017,Other,10128.84248
3,Female,2017,Other,9449.041921
4,Male,2017,Other,10284.11606
4,Female,2017,Other,9706.015363
5,Male,2017,Other,9991.055443
5,Female,2017,Other,9460.614435
6,Male,2017,Other,10346.89546
6,Female,2017,Other,9527.244234
7,Male,2017,Other,10191.57355
7,Female,2017,Other,9664.278746
8,Male,2017,Other,10134.04833
8,Female,2017,Other,9800.816993
9,Male,2017,Other,10088.38947
9,Female,2017,Other,9905.024891
10,Male,2017,Other,9907.023464
10,Female,2017,Other,9327.040813
11,Male,2017,Other,9689.846669
11,Female,2017,Other,9145.25554
12,Male,2017,Other,9722.914188
12,Female,2017,Other,9111.178005
13,Male,2017,Other,9527.099319
13,Female,2017,Other,9073.649972
14,Male,2017,Other,9677.665356
14,Female,2017,Other,9114.0034
15,Male,2017,Other,9767.037593
15,Female,2017,Other,9445.766795
16,Male,2017,Other,10179.72414
16,Female,2017,Other,9561.05878
17,Male,2017,Other,10350.54262
17,Female,2017,Other,9813.525627
0,Male,2018,Other,9174.386108
0,Female,2018,Other,8767.064172
1,Male,2018,Other,9707.633401
1,Female,2018,Other,9266.053262
2,Male,2018,Other,9931.310398
2,Female,2018,Other,9409.956116
3,Male,2018,Other,10128.84248
3,Female,2018,Other,9449.041921
4,Male,2018,Other,10284.11606
4,Female,2018,Other,9706.015363
5,Male,2018,Other,9991.055443
5,Female,2018,Other,9460.614435
6,Male,2018,Other,10346.89546
6,Female,2018,Other,9527.244234
7,Male,2018,Other,10191.57355
7,Female,2018,Other,9664.278746
8,Male,2018,Other,10134.04833
8,Female,2018,Other,9800.816993
9,Male,2018,Other,10088.38947
9,Female,2018,Other,9905.024891
10,Male,2018,Other,9907.023464
10,Female,2018,Other,9327.040813
11,Male,2018,Other,9689.846669
11,Female,2018,Other,9145.25554
12,Male,2018,Other,9722.914188
12,Female,2018,Other,9111.178005
13,Male,2018,Other,9527.099319
13,Female,2018,Other,9073.649972
14,Male,2018,Other,9677.665356
14,Female,2018,Other,9114.0034
15,Male,2018,Other,9767.037593
15,Female,2018,Other,9445.766795
16,Male,2018,Other,10179.72414
16,Female,2018,Other,9561.05878
17,Male,2018,Other,10350.54262
17,Female,2018,Other,9813.525627
0,Male,2019,Other,9174.386108
0,Female,2019,Other,8767.064172
1,Male,2019,Other,9707.633401
1,Female,2019,Other,9266.053262
2,Male,2019,Other,9931.310398
2,Female,2019,Other,9409.956116
3,Male,2019,Other,10128.84248
3,Female,2019,Other,9449.041921
4,Male,2019,Other,10284.11606
4,Female,2019,Other,9706.015363
5,Male,2019,Other,9991.055443
5,Female,2019,Other,9460.614435
6,Male,2019,Other,10346.89546
6,Female,2019,Other,9527.244234
7,Male,2019,Other,10191.57355
7,Female,2019,Other,9664.278746
8,Male,2019,Other,10134.04833
8,Female,2019,Other,9800.816993
9,Male,2019,Other,10088.38947
9,Female,2019,Other,9905.024891
10,Male,2019,Other,9907.023464
10,Female,2019,Other,9327.040813
11,Male,2019,Other,9689.846669
11,Female,2019,Other,9145.25554
12,Male,2019,Other,9722.914188
12,Female,2019,Other,9111.178005
13,Male,2019,Other,9527.099319
13,Female,2019,Other,9073.649972
14,Male,2019,Other,9677.665356
14,Female,2019,Other,9114.0034
15,Male,2019,Other,9767.037593
15,Female,2019,Other,9445.766795
16,Male,2019,Other,10179.72414
16,Female,2019,Other,9561.05878
17,Male,2019,Other,10350.54262
17,Female,2019,Other,9813.525627
0,Male,2020,Other,9174.386108
0,Female,2020,Other,8767.064172
1,Male,2020,Other,9707.633401
1,Female,2020,Other,9266.053262
2,Male,2020,Other,9931.310398
2,Female,2020,Other,9409.956116
3,Male,2020,Other,10128.84248
3,Female,2020,Other,9449.041921
4,Male,2020,Other,10284.11606
4,Female,2020,Other,9706.015363
5,Male,2020,Other,9991.055443
5,Female,2020,Other,9460.614435
6,Male,2020,Other,10346.89546
6,Female,2020,Other,9527.244234
7,Male,2020,Other,10191.57355
7,Female,2020,Other,9664.278746
8,Male,2020,Other,10134.04833
8,Female,2020,Other,9800.816993
9,Male,2020,Other,10088.38947
9,Female,2020,Other,9905.024891
10,Male,2020,Other,9907.023464
10,Female,2020,Other,9327.040813
11,Male,2020,Other,9689.846669
11,Female,2020,Other,9145.25554
12,Male,2020,Other,9722.914188
12,Female,2020,Other,9111.178005
13,Male,2020,Other,9527.099319
13,Female,2020,Other,9073.649972
14,Male,2020,Other,9677.665356
14,Female,2020,Other,9114.0034
15,Male,2020,Other,9767.037593
15,Female,2020,Other,9445.766795
16,Male,2020,Other,10179.72414
16,Female,2020,Other,9561.05878
17,Male,2020,Other,10350.54262
17,Female,2020,Other,9813.525627
0,Male,2021,Other,9174.386108
0,Female,2021,Other,8767.064172
1,Male,2021,Other,9707.633401
1,Female,2021,Other,9266.053262
2,Male,2021,Other,9931.310398
2,Female,2021,Other,9409.956116
3,Male,2021,Other,10128.84248
3,Female,2021,Other,9449.041921
4,Male,2021,Other,10284.11606
4,Female,2021,Other,9706.015363
5,Male,2021,Other,9991.055443
5,Female,2021,Other,9460.614435
6,Male,2021,Other,10346.89546
6,Female,2021,Other,9527.244234
7,Male,2021,Other,10191.57355
7,Female,2021,Other,9664.278746
8,Male,2021,Other,10134.04833
8,Female,2021,Other,9800.816993
9,Male,2021,Other,10088.38947
9,Female,2021,Other,9905.024891
10,Male,2021,Other,9907.023464
10,Female,2021,Other,9327.040813
11,Male,2021,Other,9689.846669
11,Female,2021,Other,9145.25554
12,Male,2021,Other,9722.914188
12,Female,2021,Other,9111.178005
13,Male,2021,Other,9527.099319
13,Female,2021,Other,9073.649972
14,Male,2021,Other,9677.665356
14,Female,2021,Other,9114.0034
15,Male,2021,Other,9767.037593
15,Female,2021,Other,9445.766795
16,Male,2021,Other,10179.72414
16,Female,2021,Other,9561.05878
17,Male,2021,Other,10350.54262
17,Female,2021,Other,9813.525627
